,stock_code,timestamp,open,high,low,close,volume,日足RSI,日足macd,日足signal,日足hist,週足RSI,週足macd,週足signal,週足hist,日足MACD_trend,週足MACD_trend
0,ACWI,2021-06-04 13:30:00,101.13999938964844,101.55000305175781,101.12000274658203,101.48999786376953,1121600.0,63.4156263314191,0.6975045424695026,0.5540386883997297,0.14346585406977286,59.50249089068487,3.696052553979527,3.9333229043665767,-0.2372703503870497,Downtrend,Uptrend
1,AFK,2021-06-04 13:30:00,22.81999969482422,22.969999313354492,22.739999771118164,22.940000534057617,11400.0,63.422840736060316,0.27445127271892034,0.20378097279407315,0.07067029992484719,56.287885457306515,0.8491432478376844,0.9038883663087787,-0.05474511847109431,Downtrend,Uptrend
2,AGG,2021-06-04 13:30:00,114.38999938964844,114.68000030517578,114.22000122070312,114.68000030517578,4535800.0,55.53032686169428,0.03045198309349928,0.008463607600814337,0.021988375492684942,35.50969768661458,-0.7767174172071236,-0.876251446602861,0.09953402939573741,Downtrend,Uptrend
3,AGGY,2021-06-04 13:30:00,51.72999954223633,51.869998931884766,51.72999954223633,51.869998931884766,113200.0,57.03133180232926,0.03371318421618952,0.01165679515577489,0.022056389060414627,35.72431408192565,-0.440504373191807,-0.5151694325669912,0.0746650593751842,Downtrend,Uptrend
4,AIQ,2021-06-04 13:30:00,28.979999542236328,29.329999923706055,28.899999618530273,29.25,12900.0,57.72339325276723,0.08693289068520471,-0.05360544601423882,0.14053833669944354,63.70084085902491,0.8250785157783227,1.1040105331547356,-0.27893201737641293,Downtrend,Uptrend
5,ALTY,2021-06-04 13:30:00,13.579999923706055,13.600000381469727,13.539999961853027,13.600000381469727,27600.0,61.28343156979527,0.11278269644979488,0.10609859468120886,0.006684101768586026,55.65991629125202,0.5484974459509111,0.5469600997958611,0.0015373461550499679,Downtrend,Uptrend
6,BAL,2021-06-04 13:30:00,47.599998474121094,48.0099983215332,47.435001373291016,47.959999084472656,4200.0,55.42897421854227,-0.2972702654788648,-0.4362818409005874,0.1390115754217226,69.27878430171923,1.181331764038724,1.7112271448654888,-0.5298953808267648,Uptrend,Uptrend
7,BBH,2021-06-04 13:30:00,185.3000030517578,187.75999450683594,185.3000030517578,187.30999755859375,5400.0,63.10742285384359,1.0809352171284559,0.37545928649403304,0.7054759306344228,60.73445917671813,4.129719035436409,4.578155032442517,-0.4484359970061078,Uptrend,Uptrend
8,BIV,2021-06-04 13:30:00,89.33999633789062,89.55000305175781,89.27999877929688,89.55000305175781,784700.0,56.426945553926046,0.06630647221571451,0.05076022060863689,0.015546251607077614,36.95790589506864,-0.8677226359220498,-0.9888344757215531,0.12111183979950335,Downtrend,Uptrend
9,BLV,2021-06-04 13:30:00,99.38999938964844,100.16999816894531,99.30999755859375,100.16999816894531,267900.0,58.67459399339996,0.1306887545362656,0.02186305715046166,0.10882569738580394,35.44341496734633,-2.566835389688947,-3.0054133607705276,0.4385779710815805,Uptrend,Uptrend
10,BND,2021-06-04 13:30:00,85.16000366210938,85.38999938964844,85.13999938964844,85.38999938964844,19321400.0,56.288064128701485,0.02802717951288969,0.00916752621248763,0.018859653300402058,37.11110419937602,-0.634293187792224,-0.7256338002848903,0.09134061249266634,Downtrend,Uptrend
11,BNDX,2021-06-04 13:30:00,56.91999816894531,56.9900016784668,56.88999938964844,56.9900016784668,2257800.0,54.58347044768509,-0.014762171669346458,-0.05151813041078496,0.0367559587414385,53.4984473963895,-0.3080855128048441,-0.28643154612362215,-0.021653966681221937,Downtrend,Uptrend
12,BOTZ,2021-06-04 13:30:00,34.58000183105469,34.97999954223633,34.577999114990234,34.93000030517578,536400.0,62.39952437196944,0.18891263495503807,-0.04574995761303192,0.23466259256806998,66.93424874861464,0.906325570241755,1.2097283199830193,-0.30340274974126435,Uptrend,Uptrend
13,BRF,2021-06-04 13:30:00,24.469999313354492,25.0,24.469999313354492,24.920000076293945,31000.0,75.2420266248442,0.8226957403669992,0.632464756766098,0.19023098360090118,47.70531832459991,1.3068447605407378,0.9875147104497299,0.3193300500910079,Uptrend,Uptrend
14,BSV,2021-06-04 13:30:00,82.30000305175781,82.33000183105469,82.27999877929688,82.33000183105469,3185900.0,51.2814691656017,0.008539719070938645,0.015218031712105512,-0.006678312641166867,32.82317177593399,-0.1378711690824872,-0.1601650843047869,0.022293915222299704,Downtrend,Uptrend
15,BUG,2021-06-04 13:30:00,26.90999984741211,27.079999923706055,26.829999923706055,27.059999465942383,134400.0,54.01548734543212,0.23624305401364154,0.18108557251417215,0.05515748149946939,61.91359501898227,0.7302515182027278,0.9382364003983901,-0.20798488219566225,Downtrend,Uptrend
16,BWX,2021-06-04 13:30:00,29.899999618530273,29.959999084472656,29.899999618530273,29.959999084472656,112500.0,55.63361145765763,0.04725651271417064,0.04058771713314887,0.0066687955810217706,51.599848768529974,-0.09408776563449095,-0.07633566419114794,-0.017752101443343007,Downtrend,Uptrend
17,CHAD,2021-06-04 13:30:00,16.15999984741211,16.209999084472656,16.15999984741211,16.160999298095703,4300.0,36.24187215092306,-0.33466684139697733,-0.30193792154397137,-0.03272891985300597,40.38626812345797,-0.6927946721333917,-0.7574538798917013,0.06465920775830958,Uptrend,Downtrend
18,CHAU,2021-06-04 13:30:00,45.619998931884766,45.856998443603516,45.619998931884766,45.75,31500.0,61.9688439543998,1.4822046124322696,1.3195000168206585,0.1627045956116111,58.372433876780704,1.8474088153052435,1.9908327205177307,-0.14342390521248727,Downtrend,Uptrend
19,CLOU,2021-06-04 13:30:00,25.950000762939453,26.059999465942383,25.790000915527344,25.969999313354492,559700.0,49.98949454883106,-0.05557354992570751,-0.14296420011487304,0.08739065018916553,67.54929358987897,0.13110034252295577,0.4532749771119294,-0.3221746345889736,Downtrend,Uptrend
20,CNXT,2021-06-04 13:30:00,52.02000045776367,52.310001373291016,52.0099983215332,52.279998779296875,5500.0,64.50512017808454,1.2603056052312738,1.1124966804623506,0.14780892476892316,58.483601806473764,1.4761911684086613,1.333962540797999,0.14222862761066235,Downtrend,Uptrend
21,COW,2021-06-04 13:30:00,38.810001373291016,39.220001220703125,38.810001373291016,39.189998626708984,18200.0,58.69486476580911,0.28023292267339883,0.237271390284089,0.04296153238930983,67.81338080535588,1.1724594633804912,1.1679709320571763,0.004488531323314948,Uptrend,Uptrend
22,CTEC,2021-06-04 13:30:00,18.75,18.948999404907227,18.600000381469727,18.8700008392334,55000.0,48.04358031903607,-0.21682368988576428,-0.391988982141053,0.1751652922552887,65.71881515453681,,,,Downtrend,Downtrend
23,CURE,2021-06-04 13:30:00,94.69999694824219,95.80000305175781,94.30000305175781,94.61000061035156,41000.0,47.419212673912384,0.2882231423452595,1.2195244070285736,-0.9313012646833141,58.25294201425986,6.828296678149485,6.746422250557837,0.08187442759164831,Uptrend,Downtrend
24,CWB,2021-06-04 13:30:00,83.66000366210938,84.16000366210938,83.66000366210938,84.08999633789062,538000.0,54.161253975174475,0.07753715915173132,-0.2296981020986441,0.3072352612503754,65.05752511942468,1.8337430628591704,2.946173354495638,-1.1124302916364677,Downtrend,Uptrend
25,CWEB,2021-06-04 13:30:00,47.119998931884766,47.209999084472656,46.52000045776367,46.93000030517578,51200.0,44.300787245507934,-1.4776289004736896,-2.0588166292420094,0.5811877287683198,59.936766504377246,-4.083589400618635,-0.9115163953810824,-3.1720730052375528,Downtrend,Uptrend
26,CWI,2021-06-04 13:30:00,30.719999313354492,30.770000457763672,30.670000076293945,30.770000457763672,117700.0,61.85745150335953,0.24315512877565482,0.21088491041762975,0.03227021835802507,58.79841630627042,1.0866393841979622,1.1941670207784676,-0.10752763658050535,Downtrend,Uptrend
27,CXSE,2021-06-04 13:30:00,66.19999694824219,66.62000274658203,66.19999694824219,66.5,78200.0,55.82652888812062,0.4422506430476858,0.06975094762510929,0.3724996954225765,65.1961162037881,0.7095451556914867,1.5389553106879812,-0.8294101549964945,Downtrend,Uptrend
28,DBA,2021-06-04 13:30:00,18.770000457763672,19.040000915527344,18.770000457763672,19.010000228881836,634200.0,61.737225898216906,0.16298348926668638,0.15286567671293994,0.010117812553746441,63.21239842938755,0.8727478315146051,0.8375546311695345,0.03519320034507056,Uptrend,Downtrend
29,DBC,2021-06-04 13:30:00,19.06999969482422,19.139999389648438,19.0,19.079999923706055,2921400.0,65.27276864562275,0.2799649963744635,0.253997011042077,0.02596798533238648,56.48563165688224,1.1813977670426574,1.1226516253816863,0.05874614166097114,Uptrend,Uptrend
30,DEM,2021-06-04 13:30:00,47.5,47.619998931884766,47.380001068115234,47.61000061035156,318900.0,66.12681557814454,0.5726281345623363,0.4044803851004042,0.16814774946193212,45.44449064641057,1.9661962590221762,1.9716563318221314,-0.005460072799955196,Uptrend,Uptrend
31,DES,2021-06-04 13:30:00,33.22999954223633,33.22999954223633,32.869998931884766,33.09000015258789,209200.0,57.36346515973181,0.26141564758415115,0.2399383138812756,0.02147733370287555,63.84382074905394,2.030743532646124,2.206544266323119,-0.17580073367699534,Downtrend,Uptrend
32,DEW,2021-06-04 13:30:00,50.4900016784668,50.4900016784668,50.25,50.41999816894531,17600.0,67.95994199179539,0.5139360562183484,0.46828977010822975,0.04564628611011862,54.55217283321632,2.2078448604563476,2.153170173754208,0.054674686702139486,Uptrend,Uptrend
33,DFE,2021-06-04 13:30:00,77.58000183105469,77.80000305175781,77.58000183105469,77.7699966430664,12300.0,66.92230826059229,1.0624254713226122,0.903232428312504,0.15919304301010817,62.55701226729439,4.4441103449158135,4.4686287860973,-0.024518441181486494,Downtrend,Uptrend
34,DFJ,2021-06-04 13:30:00,75.58999633789062,75.87999725341797,75.48999786376953,75.77999877929688,8600.0,54.119751642726676,-0.21405964854288584,-0.3016505282217013,0.08759087967881546,61.38396982581704,0.9781008780908849,1.4248618384624812,-0.4467609603715963,Uptrend,Uptrend
35,DGRE,2021-06-04 13:30:00,30.801000595092773,30.899999618530273,30.780000686645508,30.850000381469727,9400.0,62.148800599022856,0.2588856114822704,0.1277983627843424,0.131087248697928,56.19621984547379,0.9287773985743257,1.0962182514508343,-0.16744085287650856,Downtrend,Uptrend
36,DGRS,2021-06-04 13:30:00,47.540000915527344,47.84000015258789,47.540000915527344,47.83000183105469,9700.0,53.93731430520974,0.2597945636519725,0.23509033294295253,0.024704230709019975,66.59727193436248,2.804789911240235,3.1957020142877015,-0.3909121030474667,Downtrend,Uptrend
37,DGRW,2021-06-04 13:30:00,59.58000183105469,59.779998779296875,59.560001373291016,59.77000045776367,178800.0,58.87314770981663,0.22023038316877575,0.24696039307722556,-0.026730009908449814,60.097960747451616,1.9841517498509518,2.0080787551323827,-0.02392700528143088,Uptrend,Downtrend
38,DGS,2021-06-04 13:30:00,54.97999954223633,55.150001525878906,54.900001525878906,55.13999938964844,138400.0,66.56684662933141,0.5954651719819779,0.3434363104983831,0.2520288614835948,57.80830421070926,2.330807966100366,2.3678513336290523,-0.03704336752868631,Uptrend,Uptrend
39,DHS,2021-06-04 13:30:00,80.56999969482422,80.69000244140625,80.30000305175781,80.56999969482422,23800.0,60.965440009281444,0.44189008234458527,0.5096476111963816,-0.06775752885179631,61.141710417014785,3.372918833993282,3.369247316219815,0.00367151777346697,Uptrend,Downtrend
40,DIA,2021-06-04 13:30:00,347.07000732421875,347.989990234375,346.5400085449219,347.8999938964844,2592700.0,62.92248510018484,2.028058900982046,1.8480891968964008,0.17996970408564517,58.8703475815775,13.453522042591374,13.623465699198569,-0.16994365660719524,Uptrend,Uptrend
41,DIV,2021-06-04 13:30:00,20.360000610351562,20.399999618530273,20.299999237060547,20.34000015258789,131300.0,60.375275164118825,0.14943758806108676,0.14445223954971956,0.004985348511367199,59.78087845728515,0.9265813912515171,0.9505791872477071,-0.023997795996190008,Uptrend,Uptrend
42,DJP,2021-06-04 13:30:00,27.049999237060547,27.350000381469727,27.049999237060547,27.309999465942383,293300.0,64.58140833652439,0.3840191267677575,0.37564290404586675,0.008376222721890758,56.14232642646658,1.494332888377965,1.3743414645340013,0.11999142384396366,Uptrend,Uptrend
43,DLN,2021-06-04 13:30:00,120.79000091552734,121.12999725341797,120.45999908447266,121.02999877929688,35500.0,60.938645460289756,0.5892128201968063,0.6607197266564429,-0.07150690645963653,59.503878486798065,4.535749310038582,4.55396672598386,-0.01821741594527726,Uptrend,Downtrend
44,DON,2021-06-04 13:30:00,43.459999084472656,43.470001220703125,43.08000183105469,43.380001068115234,223800.0,59.40008994715702,0.3275557480504503,0.3159563758547271,0.011599372195723212,64.54722136903072,2.575943717595301,2.699183554176014,-0.12323983658071302,Uptrend,Downtrend
45,DRIP,2021-06-04 13:30:00,7.230000019073486,7.630000114440918,7.190000057220459,7.420000076293945,2564500.0,29.77476315272899,-0.8760711552375202,-0.7298645946360396,-0.14620656060148063,45.9455464656335,-8.578375403357516,-10.592306313810681,2.0139309104531655,Downtrend,Downtrend
46,DRN,2021-06-04 13:30:00,21.899999618530273,21.920000076293945,21.389999389648438,21.690000534057617,392500.0,71.36526086361503,0.8759535461706527,0.6232518086412207,0.25270173752943204,59.65818955489496,2.236031043144809,1.8426741664012443,0.3933568767435649,Uptrend,Uptrend
47,DRV,2021-06-04 13:30:00,5.360000133514404,5.449999809265137,5.320000171661377,5.380000114440918,161000.0,27.948455879882516,-0.32013733155366086,-0.25739169157080105,-0.06274563998285981,38.538038116079015,-1.5802933760058933,-1.5988812702529045,0.01858789424701124,Downtrend,Downtrend
48,DUST,2021-06-04 13:30:00,15.09000015258789,15.220000267028809,14.8100004196167,15.039999961853027,1728800.0,41.69048803583482,-0.8452166171369004,-1.032720726811562,0.18750410967466147,52.82406939914735,-1.1452414880703436,-0.3410736131275357,-0.804167874942808,Uptrend,Uptrend
49,DVY,2021-06-04 13:30:00,122.4800033569336,122.48999786376953,121.75,122.30000305175781,407400.0,60.30439186811892,0.8931101989285537,1.0118715612190876,-0.11876136229053391,62.44527853623133,7.515035176414372,7.717698101157612,-0.20266292474323944,Uptrend,Downtrend
50,DXJ,2021-06-04 13:30:00,62.380001068115234,62.58000183105469,62.2400016784668,62.43000030517578,464200.0,66.23689775069224,0.4818518377423757,0.24172652533399228,0.24012531240838345,60.94365213902574,2.25044289556039,2.5092765827596404,-0.2588336871992505,Uptrend,Uptrend
51,EBIZ,2021-06-04 13:30:00,33.689998626708984,33.77000045776367,33.57500076293945,33.63999938964844,13800.0,50.60753447950961,-0.05439509084851579,-0.22040010544787775,0.16600501459936196,59.08316171325669,0.7126394484707532,1.235203601409619,-0.5225641529388658,Downtrend,Uptrend
52,EBND,2021-06-04 13:30:00,26.889999389648438,26.979999542236328,26.889999389648438,26.959999084472656,306200.0,61.209091927115566,0.08880112148960961,0.07419941213336625,0.014601709356243359,50.566506822345566,-0.03323886379745744,-0.023900437908088108,-0.009338425889369333,Downtrend,Uptrend
53,EDC,2021-06-04 13:30:00,110.72000122070312,111.70999908447266,110.47000122070312,111.41999816894531,75200.0,62.56427150741853,2.6317988868739093,1.01168897289203,1.6201099139818793,62.009000840999974,6.534731704025845,8.246846822247793,-1.7121151182219485,Downtrend,Uptrend
54,EDOC,2021-06-04 13:30:00,18.270000457763672,18.420000076293945,18.219999313354492,18.270000457763672,177300.0,44.70632988761492,-0.2050393540286244,-0.27960988987255875,0.07457053584393436,67.60464312022269,0.030047803093598446,0.40248289616641875,-0.3724350930728203,Downtrend,Uptrend
55,EDV,2021-06-04 13:30:00,128.3699951171875,129.9600067138672,128.35000610351562,129.94000244140625,105800.0,59.65584183331918,0.20674273237419527,-0.08454818553334457,0.29129091790753986,34.08492768629686,-6.919660550541039,-8.231561320315128,1.3119007697740894,Uptrend,Uptrend
56,EDZ,2021-06-04 13:30:00,7.400000095367432,7.420000076293945,7.329999923706055,7.360000133514404,94100.0,35.90031691201997,-0.27129980529267606,-0.14817139243565297,-0.12312841285702308,37.014311025804396,-1.556022393621415,-1.938433596330005,0.38241120270858997,Uptrend,Downtrend
57,EEM,2021-06-04 13:30:00,55.880001068115234,56.029998779296875,55.79999923706055,55.9900016784668,29033000.0,63.46798136031572,0.5198784811529151,0.23346655558381918,0.28641192556909595,62.284201936293236,1.5795854213091545,1.9213717177836735,-0.3417862964745191,Downtrend,Uptrend
58,EEMS,2021-06-04 13:30:00,62.83000183105469,63.029998779296875,62.70000076293945,62.91999816894531,20800.0,69.44338710328682,0.9395811816525637,0.6136164263287274,0.3259647553238363,59.58740013112492,3.2646235880978836,3.3477037222074912,-0.08308013410960768,Uptrend,Uptrend
59,EFA,2021-06-04 13:30:00,81.52999877929688,81.73999786376953,81.4000015258789,81.68000030517578,13335200.0,64.67465369318639,0.7557584873413674,0.6502265733286384,0.10553191401272899,57.100830094702495,3.0294325168443663,3.1593219982783807,-0.12988948143401435,Downtrend,Uptrend
60,EIDO,2021-06-04 13:30:00,22.579999923706055,22.579999923706055,22.469999313354492,22.510000228881836,539100.0,62.71106847420038,0.11921527906659435,-0.05060761057473601,0.16982288964133035,52.71608641579846,0.26490853768148526,0.5340004034020822,-0.26909186572059696,Uptrend,Uptrend
61,ELD,2021-06-04 13:30:00,33.279998779296875,33.369998931884766,33.20000076293945,33.36000061035156,41700.0,61.67468562288519,0.13127484411534596,0.10935292013181266,0.021921923983533292,49.08649433277594,0.01568559682470294,0.0452597647539672,-0.02957416792926426,Uptrend,Uptrend
62,EMB,2021-06-04 13:30:00,111.5999984741211,112.12000274658203,111.55999755859375,112.01000213623047,2624700.0,57.94109042326359,0.28026076287395085,0.2617620740902985,0.01849868878365235,53.30619694585129,-0.2661074627309006,-0.4173106626538831,0.15120319992298253,Downtrend,Uptrend
63,EMLC,2021-06-04 13:30:00,31.969999313354492,32.130001068115234,31.969999313354492,32.130001068115234,1399800.0,63.821428101245424,0.15702863518211174,0.13069593168151877,0.02633270350059297,49.57184894245975,0.028359751122113863,0.024722502148329217,0.003637248973784646,Uptrend,Uptrend
64,EPHE,2021-06-04 13:30:00,31.600000381469727,31.68000030517578,31.469999313354492,31.59000015258789,40800.0,73.33267441124221,0.5590477728010583,0.21333831780677687,0.34570945499428146,52.8539848163065,0.26593084739585393,0.3396185348951567,-0.07368768749930277,Uptrend,Uptrend
65,EPI,2021-06-04 13:30:00,34.70000076293945,34.72999954223633,34.630001068115234,34.709999084472656,352200.0,76.43475211368175,0.7520949738998368,0.6335615722002478,0.11853340169958904,62.89208290734641,1.8430070860181402,1.854659937233481,-0.011652851215340876,Downtrend,Uptrend
66,EPOL,2021-06-04 13:30:00,22.8799991607666,23.0,22.549999237060547,22.860000610351562,217300.0,73.41779888027614,0.7512100840401494,0.6577220631231502,0.09348802091699926,47.920448314476786,1.101718634731764,0.8250116235859266,0.2767070111458374,Downtrend,Uptrend
67,EPP,2021-06-04 13:30:00,53.790000915527344,53.970001220703125,53.75,53.970001220703125,173200.0,62.80030214364106,0.41303553275572824,0.3405084618936528,0.07252707086207544,58.38493770579208,2.127147842070187,2.3173966369831973,-0.1902487949130105,Downtrend,Uptrend
68,ERUS,2021-06-04 13:30:00,44.540000915527344,44.72999954223633,44.5,44.63999938964844,45500.0,77.64096504156936,1.0154519084534641,0.8471682843219595,0.16828362413150466,40.70705184659404,2.018419920597303,1.7388815755644167,0.2795383450328863,Uptrend,Uptrend
69,ERX,2021-06-04 13:30:00,30.110000610351562,30.270000457763672,29.149999618530273,30.010000228881836,3581300.0,67.07948943691699,1.052956035303044,0.8116287071556834,0.2413273281473607,44.151257420039045,3.5403680739295105,3.373296436862303,0.1670716370672074,Uptrend,Uptrend
70,ERY,2021-06-04 13:30:00,13.550000190734863,13.979999542236328,13.470000267028809,13.600000381469727,605800.0,32.05800074640495,-0.8052834308579122,-0.7126841364445734,-0.0925992944133388,49.91664706254509,-8.048788005546037,-9.668210336681726,1.6194223311356897,Downtrend,Downtrend
71,EUDG,2021-06-04 13:30:00,34.279998779296875,34.380001068115234,34.23500061035156,34.36800003051758,2400.0,64.2662498924587,0.3586775678147589,0.3795926697285569,-0.020915101913797973,55.67838253610653,1.304992178039484,1.2272988631105417,0.07769331492894227,Downtrend,Uptrend
72,EWG,2021-06-04 13:30:00,36.15999984741211,36.25,36.099998474121094,36.2400016784668,2185500.0,62.70548776582796,0.3684430286240783,0.3314579040577657,0.03698512456631259,56.38144345429018,1.3495799413817977,1.2741458990911374,0.07543404229066031,Downtrend,Uptrend
73,EWJ,2021-06-04 13:30:00,69.4000015258789,69.72000122070312,69.30000305175781,69.55000305175781,7333600.0,60.342231962192535,0.18537456318431111,-0.05997173494626502,0.24534629813057612,60.40935930161464,1.3435498624353386,1.909320331670047,-0.5657704692347085,Uptrend,Uptrend
74,EWM,2021-06-04 13:30:00,27.399999618530273,27.479999542236328,27.3799991607666,27.43000030517578,101500.0,50.801300718924224,-0.012109612410931447,-0.07146306420505222,0.05935345179412077,54.615035117058184,0.04137466678715285,0.16086691816398102,-0.11949225137682817,Downtrend,Uptrend
75,EWS,2021-06-04 13:30:00,23.93000030517578,24.030000686645508,23.8700008392334,24.030000686645508,507400.0,57.90153676424229,0.12379378652691031,0.07260105264573975,0.05119273388117056,62.59780738357882,0.8787304072271453,1.0037598731260422,-0.12502946589889685,Downtrend,Uptrend
76,EWT,2021-06-04 13:30:00,63.41999816894531,63.83000183105469,63.380001068115234,63.83000183105469,2069500.0,59.13948862069787,0.5153028741335817,0.06727491114796778,0.44802796298561387,62.1644259904856,3.1601372028057497,3.513212867089332,-0.3530756642835824,Uptrend,Uptrend
77,EWW,2021-06-04 13:30:00,48.599998474121094,48.619998931884766,48.220001220703125,48.459999084472656,1654400.0,60.03044326024649,0.5866220550201788,0.5560150350196663,0.03060702000051252,64.41665114949295,2.5727793728610564,2.7296083410461085,-0.1568289681850521,Downtrend,Uptrend
78,EWY,2021-06-04 13:30:00,93.7300033569336,93.87999725341797,93.38999938964844,93.80000305175781,3591600.0,59.26540605501289,0.4698430395085893,0.10698865867309697,0.3628543808354923,61.53362675121944,4.332420261366764,5.4280748169378885,-1.0956545555711248,Uptrend,Uptrend
79,EWZ,2021-06-04 13:30:00,41.40999984741211,41.72999954223633,41.08000183105469,41.66999816894531,31203200.0,72.99705931408357,1.2931772852991372,0.9644886535127764,0.3286886317863609,47.52304555484352,2.0454146234020882,1.6318450875743271,0.4135695358277611,Uptrend,Uptrend
80,EXI,2021-06-04 13:30:00,123.66999816894531,123.94999694824219,123.41000366210938,123.88999938964844,18800.0,62.76339283492797,1.1206994013444103,0.9676777996465882,0.15302160169782208,62.33413365130356,5.613925811755834,5.7088192191302,-0.09489340737436613,Downtrend,Uptrend
81,EZA,2021-06-04 13:30:00,54.209999084472656,54.810001373291016,54.150001525878906,54.70000076293945,173000.0,63.75416479547001,1.0222600926599767,0.6921922951025221,0.33006779755745463,54.26420719341437,3.009734171858014,2.995443711910408,0.014290459947606138,Downtrend,Uptrend
82,FAS,2021-06-04 13:30:00,125.19999694824219,125.80999755859375,122.11000061035156,125.29000091552734,1681100.0,65.60289761638026,4.480379070897484,4.443142625201558,0.037236445695926434,60.21657603313471,18.068506855143028,16.773842124388082,1.2946647307549455,Uptrend,Uptrend
83,FAZ,2021-06-04 13:30:00,24.1200008392334,24.739999771118164,24.040000915527344,24.1299991607666,733700.0,33.46852388753534,-1.3293090415796058,-1.4125252056735205,0.08321616409391464,38.024429857845895,-15.437665793751332,-18.195577792221744,2.757911998470412,Downtrend,Downtrend
84,FDN,2021-06-04 13:30:00,225.3300018310547,228.1699981689453,225.3300018310547,227.80999755859375,133200.0,58.506994039148864,0.9787835754504215,-0.08650581335407093,1.0652893888044925,58.417521043068554,5.223038337883821,6.877955362887716,-1.6549170250038951,Downtrend,Uptrend
85,FEZ,2021-06-04 13:30:00,48.75,48.88999938964844,48.68000030517578,48.880001068115234,880200.0,61.97952116084961,0.5836893670491605,0.5614273081079881,0.02226205894117239,52.24741577202998,2.268424992728221,2.207069420509387,0.06135557221883392,Downtrend,Uptrend
86,FINX,2021-06-04 13:30:00,45.040000915527344,45.33000183105469,45.040000915527344,45.29999923706055,120400.0,55.58209561865341,0.010660031736044573,-0.2951126551103759,0.30577268684642045,67.19631882798478,0.663000330728245,1.3469149281805157,-0.6839145974522707,Downtrend,Uptrend
87,FM,2021-06-04 13:30:00,32.779998779296875,32.939998626708984,32.68000030517578,32.90999984741211,38500.0,75.96760451222015,0.42417138250906916,0.3722766413725889,0.05189474113648024,69.13828900012004,1.3410582852431645,1.2507829920243563,0.09027529321880823,Uptrend,Uptrend
88,FPX,2021-06-04 13:30:00,120.29000091552734,121.01000213623047,120.29000091552734,120.9000015258789,48000.0,55.034346781543086,0.13483059521763607,-0.6643331706968396,0.7991637659144757,66.47289901590881,2.6556640099149575,4.729334352166232,-2.0736703422512743,Downtrend,Uptrend
89,FVD,2021-06-04 13:30:00,40.619998931884766,40.720001220703125,40.59000015258789,40.689998626708984,952800.0,64.90311363016883,0.30794988613326524,0.32145961749465757,-0.01350973136139233,63.643949189213735,1.7080058063538104,1.642595718437677,0.06541008791613345,Uptrend,Downtrend
90,FXI,2021-06-04 13:30:00,46.709999084472656,46.81999969482422,46.65999984741211,46.79999923706055,9954500.0,55.73925078306971,0.1790705414988807,-0.06877286505977431,0.247843406558655,57.324932464958614,-0.0011931297067917512,0.40966953583304744,-0.4108626655398392,Downtrend,Uptrend
91,GAL,2021-06-04 13:30:00,46.36000061035156,46.5099983215332,46.310001373291016,46.470001220703125,27900.0,66.10938072002284,0.3130036359198556,0.24767570337200034,0.06532793254785524,57.84616911359856,1.2556623261134732,1.2966557799383764,-0.04099345382490327,Uptrend,Uptrend
92,GDX,2021-06-04 13:30:00,38.560001373291016,38.959999084472656,38.459999084472656,38.68000030517578,16936000.0,55.514062499868075,0.7965906497583788,0.9889455174742603,-0.1923548677158815,44.39660781409128,0.22534102738315198,-0.6714530738921647,0.8967941012753167,Downtrend,Downtrend
93,GDXJ,2021-06-04 13:30:00,53.33000183105469,53.9900016784668,53.2599983215332,53.68000030517578,5426300.0,55.79250692358332,1.181205786763428,1.314142751017057,-0.1329369642536289,47.75097659141568,-0.33308956164520254,-1.471723844743784,1.1386342830985814,Downtrend,Downtrend
94,GINN,2021-06-04 13:30:00,59.54999923706055,59.84000015258789,59.54999923706055,59.84000015258789,12200.0,61.138442901846766,0.32266415470859044,0.07459773788313687,0.24806641682545358,71.94412817713453,,,,Downtrend,Downtrend
95,GLD,2021-06-04 13:30:00,176.64999389648438,177.57000732421875,176.61000061035156,177.16000366210938,8373800.0,62.307201050918046,2.527690102597461,2.7343870221397366,-0.20669691954227565,42.717318907381284,-0.05444234202178677,-2.211097478608218,2.1566551365864313,Downtrend,Uptrend
96,GLDM,2021-06-04 13:30:00,18.760000228881836,18.860000610351562,18.760000228881836,18.81999969482422,1349900.0,62.53870582805992,0.2678290788023183,0.29043860079746925,-0.022609521995150927,42.88536801387103,-0.0019953585065550783,-0.23012981421093523,0.22813445570438015,Downtrend,Uptrend
97,GLIN,2021-06-04 13:30:00,38.060001373291016,38.099998474121094,37.84000015258789,38.04999923706055,2300.0,72.02751787492497,0.8259133750632301,0.7881301702279246,0.037783204835305506,66.44006973104023,1.8821672339263316,1.7183019067655425,0.16386532716078905,Downtrend,Uptrend
98,GMF,2021-06-04 13:30:00,135.77999877929688,136.07000732421875,135.67999267578125,135.72999572753906,8900.0,60.40321812520799,1.0563566340325963,0.35304411806031666,0.7033125159722796,63.556676812611045,2.86705826399799,3.85445660701935,-0.98739834302136,Downtrend,Uptrend
99,GNOM,2021-06-04 13:30:00,21.280000686645508,21.469999313354492,21.170000076293945,21.280000686645508,75500.0,48.76275399294126,-0.11392971660665907,-0.2228515336618147,0.10892181705515563,67.44026489723761,0.025501254893260494,0.5680369874810347,-0.5425357325877742,Downtrend,Uptrend
100,GSG,2021-06-04 13:30:00,15.829999923706055,15.890000343322754,15.770000457763672,15.829999923706055,1200600.0,64.29591946760246,0.20283208320448054,0.18008958902294459,0.022742494181535955,56.682475900421394,0.9706497578803805,0.956860622829313,0.013789135051067603,Uptrend,Uptrend
101,GSP,2021-06-04 13:30:00,15.09000015258789,15.199999809265137,15.09000015258789,15.140000343322754,9100.0,64.3783298173703,0.23810266202665353,0.21244307824862363,0.025659583778029904,56.42153700244046,1.13022046764649,1.1141378853843371,0.016082582262152867,Uptrend,Uptrend
102,GUSH,2021-06-04 13:30:00,98.5,98.91000366210938,93.07499694824219,95.86000061035156,1351300.0,70.10300159426579,5.8610148185412925,4.072478185334068,1.7885366332072241,48.215782903688705,12.37262906262653,11.275331850150334,1.097297212476196,Uptrend,Uptrend
103,GXTG,2021-06-04 13:30:00,48.70000076293945,48.76900100708008,48.63999938964844,48.66999816894531,5800.0,57.08606992992912,0.18203404857521832,-0.17009716100305944,0.35213120957827776,65.08399700964131,1.6526274226980178,2.5647579591339786,-0.9121305364359609,Downtrend,Uptrend
104,HACK,2021-06-04 13:30:00,58.7599983215332,59.13999938964844,58.65999984741211,59.0099983215332,256200.0,61.43774217973489,0.636481708666345,0.4076688291746705,0.2288128794916745,58.858999477573384,1.6101492585318624,1.9305109398345508,-0.3203616813026884,Downtrend,Uptrend
105,HDV,2021-06-04 13:30:00,99.33000183105469,99.54000091552734,99.19999694824219,99.51000213623047,214900.0,62.17740326820954,0.5707892415813944,0.5999686545773194,-0.02917941299592497,54.21688966599658,3.3275122694378894,3.303221738558558,0.024290530879331307,Uptrend,Uptrend
106,HEDJ,2021-06-04 13:30:00,76.52999877929688,76.87999725341797,76.4800033569336,76.87999725341797,79100.0,65.95434138495209,0.6363582247297472,0.573844237870244,0.06251398685950327,58.22528310443529,2.941240984116277,2.8026219278823277,0.13861905623394932,Uptrend,Uptrend
107,HERO,2021-06-04 13:30:00,32.0,32.279998779296875,31.809999465942383,32.22999954223633,146000.0,55.62902480566677,0.10166546386316,-0.06311080628324686,0.16477627014640686,56.204845681753945,0.6243044899903367,0.9928099837857106,-0.3685054937953739,Downtrend,Uptrend
108,HEWG,2021-06-04 13:30:00,33.36000061035156,33.5099983215332,33.36000061035156,33.4900016784668,52900.0,64.4696101910389,0.25448128240081047,0.19204480943646313,0.062436472964347345,58.088939094154334,1.1227693194413284,1.0850540482910414,0.037715271150287055,Uptrend,Uptrend
109,HEWJ,2021-06-04 13:30:00,39.02000045776367,39.209999084472656,39.0,39.150001525878906,264100.0,62.54519500402517,0.18892699112700484,0.024411992917049534,0.1645149982099553,61.703569751057984,1.112938746232814,1.3684523657064511,-0.25551361947363715,Uptrend,Uptrend
110,HEZU,2021-06-04 13:30:00,36.33000183105469,36.40999984741211,36.2599983215332,36.40999984741211,198300.0,67.4979547261939,0.3548140110085285,0.30301347919502614,0.05180053181350236,57.89664371832859,1.5364757168928023,1.5449152125367787,-0.008439495643976391,Uptrend,Uptrend
111,HYEM,2021-06-04 13:30:00,23.75,23.780000686645508,23.739999771118164,23.760000228881836,208700.0,51.283377434226054,0.019966932420288686,0.026840794505646588,-0.006873862085357903,53.43947010841554,0.1290743671723078,0.1699106873575503,-0.0408363201852425,Downtrend,Uptrend
112,HYG,2021-06-04 13:30:00,87.2300033569336,87.30999755859375,87.16999816894531,87.2699966430664,26829200.0,53.81817712907747,0.02683148448457473,0.010206366679474436,0.016625117805100294,57.57328612239964,0.3905122129809513,0.518867002358821,-0.1283547893778697,Downtrend,Uptrend
113,HYLS,2021-06-04 13:30:00,48.54999923706055,48.619998931884766,48.5099983215332,48.540000915527344,435700.0,49.335345247065234,-0.02404115275255947,-0.038765725418211494,0.014724572665652025,54.68923996465328,0.11249611445804675,0.21323431917904637,-0.10073820472099962,Uptrend,Uptrend
114,HYZD,2021-06-04 13:30:00,22.15999984741211,22.15999984741211,22.079999923706055,22.100000381469727,43200.0,50.367864694715514,-0.008459196654044376,-0.01226012920358455,0.0038009325495401737,53.0165613545775,0.17513967631971283,0.22554665246733083,-0.05040697614761799,Uptrend,Uptrend
115,IAU,2021-06-04 13:30:00,35.91999816894531,36.119998931884766,35.91999816894531,36.040000915527344,11703000.0,62.36091782454648,0.5134661259878968,0.5574584669680452,-0.04399234098014848,43.41567581787103,-0.0027715613860550548,-0.4401361720211544,0.43736461063509935,Downtrend,Uptrend
116,IBB,2021-06-04 13:30:00,152.02999877929688,153.83999633789062,151.7100067138672,153.02000427246094,3746600.0,56.42899138041911,0.05254920451980638,-0.3011883647399717,0.35373756925977806,62.308943246650706,1.6782427144740666,3.0826587692740275,-1.404416054799961,Uptrend,Uptrend
117,ICLN,2021-06-04 13:30:00,22.280000686645508,22.510000228881836,22.25,22.299999237060547,4012800.0,46.82683764050915,-0.09369276407154103,-0.1765144320786892,0.08282166800714816,85.06202433447945,-0.009837228689917765,0.7375720011889726,-0.7474092298788904,Downtrend,Uptrend
118,IDHQ,2021-06-04 13:30:00,31.1299991607666,31.219999313354492,30.899999618530273,31.209999084472656,10100.0,62.24848721216123,0.24843971986552305,0.21253328286082626,0.035906437004696784,56.69982627099296,0.8409405981944538,0.8696881409599878,-0.02874754276553404,Downtrend,Uptrend
119,IDX,2021-06-04 13:30:00,19.540000915527344,19.59000015258789,19.399999618530273,19.549999237060547,20500.0,61.48698167122966,0.030325940617455416,-0.11583193978371206,0.14615788040116748,52.800006569735494,0.09437650256146668,0.33214318340401927,-0.2377666808425526,Uptrend,Uptrend
120,IEF,2021-06-04 13:30:00,114.43000030517578,114.77999877929688,114.41000366210938,114.7699966430664,6326000.0,58.08539945473146,0.08736562588649122,0.05234631099973745,0.035019314886753763,37.874268764798266,-1.405512810253697,-1.6534738846788652,0.24796107442516835,Uptrend,Uptrend
121,IEMG,2021-06-04 13:30:00,67.83999633789062,68.04000091552734,67.77999877929688,68.04000091552734,8279700.0,64.20402025437649,0.6850847610376292,0.3381688693694188,0.34691589166821035,62.04449590654727,2.11702182067161,2.4951114468836035,-0.3780896262119935,Downtrend,Uptrend
122,IEV,2021-06-04 13:30:00,55.27000045776367,55.38999938964844,55.16999816894531,55.38999938964844,167300.0,64.98138311335245,0.6693991908116814,0.6496314023116772,0.01976778850000427,55.21555671870156,2.423119682397541,2.352097550689448,0.07102213170809302,Downtrend,Uptrend
123,IFGL,2021-06-04 13:30:00,30.040000915527344,30.190000534057617,30.040000915527344,30.110000610351562,18800.0,66.17116131459282,0.34090300537125984,0.2740317503951785,0.06687125497608132,53.35844026298625,1.0534856950541673,1.0342319308347345,0.019253764219432812,Downtrend,Uptrend
124,IGF,2021-06-04 13:30:00,47.470001220703125,47.4900016784668,47.290000915527344,47.439998626708984,352400.0,57.62884419163006,0.21628716411223792,0.23195170558149414,-0.01566454146925622,61.62111685662923,1.4012905417010373,1.458309490747876,-0.057018949046838685,Uptrend,Uptrend
125,IGIB,2021-06-04 13:30:00,59.869998931884766,60.02000045776367,59.849998474121094,60.0099983215332,647600.0,57.02543641142237,0.0669626905921703,0.059422190803034645,0.007540499789135659,44.49297786312725,-0.2823972629553566,-0.31966175270908204,0.03726448975372543,Downtrend,Uptrend
126,IGOV,2021-06-04 13:30:00,53.29999923706055,53.45000076293945,53.29999923706055,53.40999984741211,180800.0,54.36364392095887,0.10306471002397188,0.09966319378722008,0.003401516236751806,49.05283424386094,-0.11587361171706334,-0.09460171734346676,-0.021271894373596584,Downtrend,Uptrend
127,IGSB,2021-06-04 13:30:00,54.779998779296875,54.849998474121094,54.779998779296875,54.84000015258789,1240200.0,51.97676287750994,0.021311356197799114,0.027347206195657052,-0.006035849997857938,45.97371202543301,-0.033764254685749506,-0.04368993636130731,0.009925681675557803,Downtrend,Uptrend
128,IHY,2021-06-04 13:30:00,25.90999984741211,25.959999084472656,25.90999984741211,25.920000076293945,4900.0,51.44959208868555,0.04374907089668767,0.05794081265219658,-0.014191741755508913,54.360012872514964,0.19686899792268875,0.23997482780429058,-0.04310582988160183,Downtrend,Uptrend
129,IJH,2021-06-04 13:30:00,272.5299987792969,272.92999267578125,270.94000244140625,272.6400146484375,866500.0,54.47216679040688,0.8779065847054994,0.7283426204661915,0.14956396423930796,66.25757485955228,14.684289355941416,16.72085101901885,-2.036561663077432,Downtrend,Downtrend
130,IJR,2021-06-04 13:30:00,114.1500015258789,114.16000366210938,113.16000366210938,113.87000274658203,1877900.0,58.30098039205114,0.9784411504695072,0.6410745065121073,0.3373666439573999,65.05327787905418,6.955570095877519,8.014333804731798,-1.0587637088542792,Downtrend,Uptrend
131,ILF,2021-06-04 13:30:00,32.09000015258789,32.290000915527344,31.8799991607666,32.279998779296875,1200300.0,70.89129917476887,0.7291961955377069,0.5035453244335543,0.2256508711041526,53.30229555409064,1.5860303480643303,1.5573150105996687,0.028715337464661594,Uptrend,Uptrend
132,INDL,2021-06-04 13:30:00,54.130001068115234,54.130001068115234,53.83000183105469,54.0,29300.0,74.52913103070156,1.9474536910776479,1.517573004256914,0.4298806868207339,63.897748772955474,3.4672508011797305,3.3740991424870797,0.09315165869265085,Downtrend,Uptrend
133,INKM,2021-06-04 13:30:00,36.029998779296875,36.16999816894531,36.029998779296875,36.150001525878906,8900.0,67.39815184080162,0.20115755322120066,0.16849468544402776,0.032662867777172894,59.804553523926074,0.8055601437819604,0.8430746625137184,-0.03751451873175804,Uptrend,Uptrend
134,IOO,2021-06-04 13:30:00,70.37000274658203,70.69000244140625,70.33000183105469,70.68000030517578,34000.0,61.70816545871624,0.4006653259925912,0.36757341883878303,0.033091907153808164,53.802538407659995,2.566042240235319,2.6503294493053535,-0.0842872090700344,Uptrend,Uptrend
135,IVOG,2021-06-04 13:30:00,196.25999450683594,197.4499969482422,196.25999450683594,197.36000061035156,8800.0,49.740041269998514,-0.3479342916382109,-0.5227795628283626,0.1748452711901517,68.38456978740474,7.567596232671605,9.587794385755993,-2.0201981530843884,Downtrend,Uptrend
136,IVOO,2021-06-04 13:30:00,184.38999938964844,184.55999755859375,183.4499969482422,184.47000122070312,15800.0,54.24319534546026,0.5955616481511186,0.4975844209682371,0.09797722718288149,66.68137612356627,9.930380552029249,11.308888110509006,-1.3785075584797575,Downtrend,Downtrend
137,IVOV,2021-06-04 13:30:00,167.72999572753906,167.72999572753906,166.3300018310547,167.52000427246094,18800.0,57.76032444163488,1.2459164980087394,1.2126005471713814,0.033315950837357944,65.36053229783855,11.040552931268337,11.806858290027966,-0.7663053587596291,Uptrend,Downtrend
138,IVV,2021-06-04 13:30:00,422.3699951171875,424.55999755859375,422.32000732421875,424.239990234375,2586300.0,61.00962603988035,2.3168882987026223,2.078125800574686,0.23876249812793615,57.7309164938553,16.047012801375672,16.53287330590999,-0.48586050453431895,Uptrend,Uptrend
139,IWM,2021-06-04 13:30:00,227.55999755859375,228.05999755859375,226.2100067138672,227.39999389648438,19381800.0,57.86410662587396,1.335722976396795,0.42289448265132423,0.9128284937454708,66.81683932651214,11.313964057148524,14.078151517302008,-2.764187460153483,Downtrend,Uptrend
140,IXC,2021-06-04 13:30:00,27.65999984741211,27.700000762939453,27.360000610351562,27.68000030517578,683500.0,68.03228496286057,0.4991932106676771,0.39267922666613075,0.10651398400154632,45.197276810275696,1.8162576724167465,1.824471192547239,-0.00821352013049248,Uptrend,Uptrend
141,IXG,2021-06-04 13:30:00,81.69000244140625,81.7300033569336,81.19000244140625,81.68000030517578,410700.0,69.27743444767881,1.220131211286386,1.1869788842221831,0.0331523270642029,58.75307680176979,5.161368790108696,5.1601926055546254,0.0011761845540707583,Downtrend,Uptrend
142,IXJ,2021-06-04 13:30:00,81.0199966430664,81.2300033569336,80.79000091552734,81.0,49700.0,52.86518473376092,0.28162788687875207,0.47262752396003255,-0.19099963708128048,56.59602859031661,1.8748698505345516,1.8139529099440754,0.06091694059047614,Uptrend,Downtrend
143,IXN,2021-06-04 13:30:00,320.1499938964844,324.260009765625,320.1499938964844,323.8599853515625,44900.0,57.92905256623951,0.8955888081629837,-0.06733195578605386,0.9629207639490376,56.98237844213159,9.916853735273037,11.673478070846258,-1.7566243355732212,Uptrend,Uptrend
144,IXP,2021-06-04 13:30:00,85.08999633789062,85.83999633789062,85.08999633789062,85.6500015258789,5100.0,58.7833396690343,0.5290945589569986,0.4104296455520962,0.11866491340490243,54.476583076571686,3.2920735999946515,3.553622022525862,-0.26154842253121036,Downtrend,Uptrend
145,IYR,2021-06-04 13:30:00,103.12000274658203,103.20999908447266,102.27999877929688,102.80000305175781,13005500.0,72.6024426556062,1.5713972457511574,1.1906911230451622,0.38070612270599513,59.48850579369942,4.402868087704661,3.694915068765693,0.707953018938968,Uptrend,Uptrend
146,JJC,2021-06-04 13:30:00,22.790000915527344,22.809999465942383,22.641000747680664,22.719999313354492,40600.0,49.0624427813408,0.15610358203865005,0.2943344478297205,-0.13823086579107047,53.15474462528936,1.5581113895663208,1.5922194690341072,-0.03410807946778638,Downtrend,Downtrend
147,JJG,2021-06-04 13:30:00,68.25499725341797,68.32499694824219,67.91000366210938,68.32499694824219,2000.0,55.321112060906486,0.3069181669465877,0.4433626023011503,-0.13644443535456263,71.63174078020914,4.818108769709241,4.927026148061533,-0.10891737835229254,Uptrend,Downtrend
148,JJN,2021-06-03 13:30:00,23.42333221435547,23.56166648864746,23.42333221435547,23.555667877197266,1800.0,56.716787487343545,0.28128807719740223,0.23012133016597763,0.0511667470314246,49.29191285537027,0.46880958039582055,0.5486209624657326,-0.079811382069912,0,Uptrend
149,JNK,2021-06-04 13:30:00,108.97000122070312,109.05000305175781,108.88999938964844,108.98999786376953,7108100.0,54.34855770230717,0.03753773148180528,0.01440862105828922,0.02312911042351606,57.4814328368088,0.570430266792016,0.7522438089915963,-0.18181354219958024,Downtrend,Uptrend
150,JO,2021-06-04 13:30:00,44.45000076293945,46.099998474121094,44.45000076293945,46.02000045776367,44500.0,65.90043448487826,1.444048553597959,1.2998088410863968,0.1442397125115622,44.18032799608289,2.3920791774118015,1.7220669342044144,0.6700122432073872,Downtrend,Uptrend
151,JXI,2021-06-04 13:30:00,62.119998931884766,62.119998931884766,62.0,62.02000045776367,2100.0,47.98754681038906,0.0015826157826808185,0.1129887403370293,-0.11140612455434848,70.61125489740017,0.9758826079747465,0.9512798518026636,0.02460275617208285,Uptrend,Downtrend
152,KNOW,2020-10-13 13:30:00,36.15999984741211,36.15999984741211,35.7400016784668,35.880001068115234,17300.0,62.581770380485466,0.2944763559027166,0.03631388098152857,0.25816247492118805,,,,,0,0
153,KRMA,2021-06-04 13:30:00,31.054000854492188,31.054000854492188,30.809999465942383,30.950000762939453,20400.0,58.11410930590629,0.1651134779948471,0.1549201868606274,0.010193291134219712,60.17994304360973,1.2269392330036482,1.2781997210238152,-0.05126048802016703,Uptrend,Uptrend
154,KXI,2021-06-04 13:30:00,62.47999954223633,62.70000076293945,62.43000030517578,62.619998931884766,8200.0,67.63190001652848,0.5827619884916473,0.6240779483516131,-0.041315959859965834,57.09769874595179,1.5236268192988618,1.1594778203736358,0.364148998925226,Uptrend,Uptrend
155,LABD,2021-06-04 13:30:00,23.920000076293945,24.420000076293945,23.420000076293945,24.200000762939453,1066100.0,50.76794528737471,0.21687812848515264,0.4014837287901707,-0.18460560030501805,36.340305857379064,-4.419396778082444,-6.91934916985355,2.4999523917711066,Uptrend,Downtrend
156,LABU,2021-06-04 13:30:00,61.7599983215332,63.08000183105469,60.58000183105469,61.29999923706055,2088700.0,44.9821160709456,-2.622381027011137,-3.468323927406419,0.8459429003952819,61.20916681134213,-5.821108214684273,0.22150300254015565,-6.042611217224429,Downtrend,Uptrend
157,LEMB,2021-06-04 13:30:00,44.380001068115234,44.529998779296875,44.36000061035156,44.470001220703125,76400.0,63.236727327726136,0.1884489008980026,0.16229685886069703,0.026152042037305562,52.621174118187334,0.27003343728477347,0.3051908448434756,-0.035157407558702114,Uptrend,Uptrend
158,LIT,2021-06-04 13:30:00,68.05999755859375,69.18000030517578,67.9000015258789,69.12000274658203,690300.0,72.40251706837087,1.73557735843103,1.0602557328170241,0.6753216256140058,63.390350899682026,3.9497789287861096,4.526071171988797,-0.5762922432026878,Downtrend,Uptrend
159,LMBS,2021-06-04 13:30:00,51.02000045776367,51.08000183105469,51.02000045776367,51.040000915527344,743300.0,43.66677752414633,-0.028287458089522488,-0.027422519603459674,-0.0008649384860628141,44.759458548909514,-0.13138706328578564,-0.13215321662046792,0.0007661533346822735,Uptrend,Uptrend
160,LQD,2021-06-04 13:30:00,131.58999633789062,132.10000610351562,131.5399932861328,132.08999633789062,11427200.0,57.90919512301049,0.20082221807098222,0.14562340767545218,0.05519881039553004,40.25018712371323,-0.9278257327849815,-1.0742182107163507,0.14639247793136922,Downtrend,Uptrend
161,MBB,2021-06-04 13:30:00,108.30000305175781,108.41999816894531,108.30000305175781,108.37999725341797,1194500.0,48.3684106981835,-0.07622640792712332,-0.07675124584042342,0.0005248379133001024,39.5916786411126,-0.456887816839469,-0.4487017042601367,-0.008186112579332272,Uptrend,Uptrend
162,MGC,2021-06-04 13:30:00,148.66000366210938,149.3800048828125,148.5399932861328,149.27999877929688,47300.0,59.93926180406528,0.7319278866778802,0.641812286427417,0.09011560025046328,57.45732375907811,5.381561739819546,5.60821566869461,-0.22665392887506464,Uptrend,Uptrend
163,MGK,2021-06-04 13:30:00,217.24000549316406,219.3800048828125,217.24000549316406,219.0800018310547,167100.0,55.48220260018366,0.5112572297715019,0.19472940967737273,0.31652782009412916,55.59512324089052,5.952610183329483,6.534628979497244,-0.5820187961677608,Downtrend,Uptrend
164,MGV,2021-06-04 13:30:00,101.97000122070312,102.04000091552734,101.69999694824219,101.98999786376953,136400.0,65.15139085812352,0.8152088746699917,0.8599102822238913,-0.04470140755389962,60.07488131182167,4.7579147160599575,4.767810313230946,-0.009895597170988424,Uptrend,Downtrend
165,MILN,2021-06-04 13:30:00,41.0,41.18000030517578,40.900001525878906,41.18000030517578,13700.0,53.68819576317634,0.07766414849333358,-0.05980718611671045,0.13747133461004404,62.221058794140774,1.5393970496187706,1.9847862035481765,-0.4453891539294059,Downtrend,Uptrend
166,MOO,2021-06-04 13:30:00,93.58000183105469,93.76000213623047,93.33999633789062,93.69999694824219,97200.0,59.562575712817846,0.5174619580693616,0.5606082583776864,-0.04314630030832478,60.12938417005608,4.881890575215593,5.235517682688645,-0.35362710747305215,Uptrend,Downtrend
167,MXI,2021-06-04 13:30:00,96.52999877929688,96.77999877929688,96.2699966430664,96.66999816894531,38500.0,60.34212478966256,0.9234308480831999,1.0128527833453251,-0.08942193526212527,57.387677871620056,5.108882953261656,5.097830589167586,0.011052364094069844,Uptrend,Downtrend
168,NIB,2021-06-04 13:30:00,29.780000686645508,30.0,29.65999984741211,29.700000762939453,7400.0,44.85185816208175,-0.16713100687293192,-0.10827655532984157,-0.05885445154309035,43.88468806880251,-0.13486241482173966,0.05125645406076089,-0.18611886888250057,Downtrend,Downtrend
169,NUGT,2021-06-04 13:30:00,75.4000015258789,76.83999633789062,74.87999725341797,75.87000274658203,1706800.0,54.41287941115417,2.811022768815718,3.5310711627636313,-0.7200483939479132,43.036885298537506,-0.7017390598844457,-4.259166304186197,3.557427244301751,Downtrend,Downtrend
170,OEF,2021-06-04 13:30:00,190.61000061035156,191.80999755859375,190.58999633789062,191.6300048828125,174700.0,58.918865435073705,0.8910201914667653,0.8081082532597204,0.0829119382070449,55.581028432695156,6.5833574562608135,6.7826751550737026,-0.19931769881288908,Uptrend,Uptrend
171,OIH,2021-06-04 13:30:00,245.4499969482422,248.08999633789062,239.27000427246094,244.63999938964844,1348500.0,74.1507178984542,10.047559919578902,7.294719668634689,2.752840250944213,43.73875995641179,22.622361044056788,21.000832229190365,1.6215288148664229,Uptrend,Uptrend
172,PBD,2021-06-04 13:30:00,29.6200008392334,30.0,29.6200008392334,29.90999984741211,58500.0,55.75550647540833,0.02898027017783278,-0.2630564769897957,0.29203674716762845,81.74634959577766,0.40244223873690643,1.394111531403205,-0.9916692926662987,Downtrend,Uptrend
173,PFF,2021-06-04 13:30:00,38.849998474121094,38.880001068115234,38.779998779296875,38.84000015258789,2702800.0,59.422325874242055,0.08093449203510517,0.03563582863041579,0.045298663404689375,65.83967691086173,0.3811616543706364,0.42118856879696476,-0.04002691442632833,Downtrend,Uptrend
174,PFFD,2021-06-04 13:30:00,25.84000015258789,25.84000015258789,25.740999221801758,25.780000686645508,438700.0,56.79037531310547,0.04641806277371785,0.01709741471893325,0.029320648054784598,64.79943859977634,0.13666679151932826,0.1494679457427431,-0.012801154223414851,Downtrend,Uptrend
175,PIO,2021-06-04 13:30:00,39.59000015258789,39.70000076293945,39.5099983215332,39.66999816894531,11100.0,61.06531744550195,0.37638088601924835,0.3943980002490748,-0.018017114229826436,64.3292414480916,1.5514719060130844,1.460262612229751,0.09120929378333331,Downtrend,Uptrend
176,PPH,2021-06-04 13:30:00,72.23999786376953,72.23999786376953,71.87000274658203,71.9800033569336,24600.0,55.370557666348965,0.45960923354680006,0.6324678324835539,-0.17285859893675382,57.64351571842808,1.8033972182879694,1.7621398412018714,0.041257377086098,Uptrend,Downtrend
177,PXF,2021-06-04 13:30:00,50.13999938964844,50.2400016784668,50.09000015258789,50.209999084472656,22500.0,67.27361844568631,0.587070575868232,0.5208849812671078,0.06618559460112416,56.93115397959285,2.5070981270652055,2.610481952207625,-0.10338382514241928,Uptrend,Uptrend
178,QCLN,2021-06-04 13:30:00,62.13999938964844,63.15999984741211,61.849998474121094,62.59000015258789,282100.0,53.66541838327038,-0.07929238737509081,-0.7864999739121885,0.7072075865370977,72.14885065788111,0.8749352067359482,3.2823471270779403,-2.407411920341992,Downtrend,Uptrend
179,QQQ,2021-06-04 13:30:00,331.8500061035156,336.05999755859375,331.7799987792969,335.6000061035156,38715500.0,56.63177791294641,0.9241478732855626,0.2006604132718332,0.7234874600137293,54.94354785590636,9.305878632090526,10.897811179484403,-1.5919325473938777,Downtrend,Uptrend
180,QYLD,2021-06-04 13:30:00,22.260000228881836,22.329999923706055,22.22800064086914,22.329999923706055,2118700.0,53.98991863314375,-0.02388072427393695,-0.07460912644083376,0.05072840216689681,54.84300419854444,-0.018132692846776877,0.0987868969956018,-0.11691958984237867,Downtrend,Uptrend
181,REMX,2021-06-04 13:30:00,86.08000183105469,88.33000183105469,86.08000183105469,88.1500015258789,434000.0,67.89408877700879,1.7054355827672367,0.8792437193888795,0.8261918633783573,55.76154347051082,7.4483975123309705,8.540570090844719,-1.0921725785137486,Uptrend,Uptrend
182,RLY,2021-06-04 13:30:00,29.25,29.43000030517578,29.25,29.43000030517578,11400.0,66.32908314410066,0.33550292468137854,0.3144563573064733,0.021046567374905234,54.973070260570424,1.3886782557314241,1.3504262149596318,0.03825204077179234,Uptrend,Uptrend
183,RNRG,2021-06-04 13:30:00,15.899999618530273,15.949999809265137,15.859999656677246,15.9399995803833,35400.0,54.24912134492873,0.06682094307864794,0.013551063094555092,0.053269879984092855,71.71496457853908,-0.08352845615079474,0.07876825442357219,-0.16229671057436693,Downtrend,Uptrend
184,ROBO,2021-06-04 13:30:00,63.84000015258789,64.44999694824219,63.779998779296875,64.29000091552734,73800.0,56.357027960941366,0.07440386002662791,-0.2372356908401398,0.3116395508667677,65.06253363541249,2.011365758749591,3.0121425925980527,-1.000776833848462,Downtrend,Uptrend
185,RTH,2021-06-04 13:30:00,170.75999450683594,170.75999450683594,169.82000732421875,170.39999389648438,6700.0,46.61258409289124,-0.18818621818982706,0.10760769984065344,-0.2957939180304805,59.99479317798858,4.551405644533531,4.718455503886927,-0.167049859353396,Uptrend,Downtrend
186,RUSL,2021-06-04 13:30:00,29.229999542236328,29.6299991607666,29.209999084472656,29.600000381469727,36500.0,74.42222657489009,1.081740241030964,0.871915550868036,0.20982469016292804,42.06784964525806,2.3107257136988473,2.063587062129557,0.24713865156929016,Uptrend,Uptrend
187,RWR,2021-06-04 13:30:00,106.56999969482422,106.56999969482422,105.54000091552734,105.9800033569336,65800.0,69.43962156299527,1.6405755198228036,1.209713018290613,0.4308625015321905,59.70570211637877,5.036185109310921,4.556145904924666,0.48003920438625514,Uptrend,Uptrend
188,RWX,2021-06-04 13:30:00,37.65999984741211,37.79999923706055,37.65999984741211,37.77000045776367,160400.0,67.72297146983088,0.4286486910912899,0.3443176421807648,0.08433104891052506,53.844250975482254,1.3871160203818889,1.3657453759850833,0.021370644396805583,Downtrend,Uptrend
189,RXI,2021-06-04 13:30:00,169.42999267578125,169.8800048828125,169.36000061035156,169.75,3200.0,58.57304253021849,0.6819800562969078,0.12785232585259867,0.5541277304443092,62.80958415910697,5.571603683991583,6.619034034495246,-1.0474303505036628,Downtrend,Uptrend
190,SDIV,2021-06-04 13:30:00,14.5600004196167,14.59000015258789,14.529999732971191,14.569999694824219,335000.0,64.3535955077065,0.1165292415126924,0.09378504290175256,0.022744198610939834,54.1988881860831,0.6130395750935591,0.6724979251908427,-0.05945835009728362,Uptrend,Uptrend
191,SDY,2021-06-04 13:30:00,126.81999969482422,127.02999877929688,126.44999694824219,126.95999908447266,281400.0,62.81384947099545,0.9290916851528834,0.9617863164316182,-0.03269463127873473,62.740372486376586,6.19913299921329,6.199345009720818,-0.00021201050752761574,Uptrend,Downtrend
192,SGG,2021-06-04 13:30:00,55.04999923706055,55.380001068115234,55.04999923706055,55.380001068115234,900.0,58.50026242257507,0.6005400828736498,0.5298722809657926,0.07066780190785715,66.80489323922178,2.693281663324335,2.6582189518955692,0.0350627114287656,Uptrend,Uptrend
193,SHE,2021-06-04 13:30:00,99.97000122070312,100.23999786376953,99.79499816894531,100.16000366210938,7700.0,60.02278604270123,0.5147897459500967,0.3839951349922229,0.13079461095787387,63.72021387679757,4.054032635867728,4.56390780167847,-0.5098751658107421,Downtrend,Uptrend
194,SHV,2021-06-04 13:30:00,110.5,110.51000213623047,110.5,110.51000213623047,1180400.0,48.04245553187428,-0.001785321243048088,-0.000765911646422506,-0.001019409596625582,39.18534134320323,-0.030522114433352954,-0.04049032123137406,0.009968206798021108,Downtrend,Downtrend
195,SHY,2021-06-04 13:30:00,86.29000091552734,86.30000305175781,86.29000091552734,86.30000305175781,2060600.0,53.00200637375973,0.00719311918211929,0.00825280291821828,-0.0010596837360989896,33.838607053032796,-0.03226341479968653,-0.04245215237407271,0.01018873757438618,Downtrend,Uptrend
196,SJNK,2021-06-04 13:30:00,27.3700008392334,27.399999618530273,27.3700008392334,27.389999389648438,2387700.0,55.040992379026235,0.015033361561851422,0.013098210885284605,0.0019351506765668165,57.12581103591656,0.24408222750703956,0.294756065094241,-0.050673837587201453,Downtrend,Uptrend
197,SLV,2021-06-04 13:30:00,25.719999313354492,25.829999923706055,25.700000762939453,25.780000686645508,19034400.0,55.172798108997256,0.3167869927772351,0.38173609140756193,-0.06494909863032683,41.29631889470055,0.4396723228209467,0.24139903135525928,0.19827329146568742,Downtrend,Downtrend
198,SLX,2021-06-04 13:30:00,64.9000015258789,65.0999984741211,64.2300033569336,64.76000213623047,59300.0,59.039409223754916,1.0688842295553158,1.1342458481990096,-0.06536161864369383,64.1864947291202,6.607094570028671,6.627386599185362,-0.020292029156690816,Uptrend,Downtrend
199,SMH,2021-06-04 13:30:00,248.36000061035156,252.3699951171875,248.3300018310547,251.47999572753906,3590700.0,59.88726358533226,2.3091020410161036,0.6269937796400225,1.6821082613760812,63.44820396477815,11.357509748927157,14.037031592419083,-2.6795218434919263,Downtrend,Uptrend
200,SOCL,2021-06-04 13:30:00,66.76000213623047,67.08999633789062,66.55999755859375,67.06999969482422,11500.0,52.2364339974401,0.024748675004943266,-0.34597507864558397,0.37072375365052723,57.755200481560124,2.248381193747818,3.546498036270166,-1.2981168425223482,Downtrend,Uptrend
201,SOXL,2021-06-04 13:30:00,38.08000183105469,39.9900016784668,38.04999923706055,39.7400016784668,15896700.0,58.204771469344685,0.639490237686573,-0.13521472711501054,0.7747049648015836,62.78602657268699,2.880693127933668,3.9633934738269474,-1.0827003458932793,Downtrend,Uptrend
202,SOXS,2021-06-04 13:30:00,8.489999771118164,8.510000228881836,8.0600004196167,8.130000114440918,11469000.0,38.96732398810632,-0.4206204883265574,-0.2468221969835211,-0.17379829134303632,34.9887262490775,-5.04176548073095,-6.361031462153193,1.3192659814222427,Uptrend,Downtrend
203,SPAB,2021-06-04 13:30:00,29.790000915527344,29.850000381469727,29.770000457763672,29.850000381469727,818000.0,55.12469946521941,0.0061660595519690276,0.00022963093780326255,0.005936428614165765,36.12908234886979,-0.21270099297480272,-0.2397302318284615,0.027029238853658794,Downtrend,Uptrend
204,SPDW,2021-06-04 13:30:00,38.060001373291016,38.15999984741211,38.029998779296875,38.15999984741211,755600.0,65.40374074152534,0.36777865178867586,0.3037984520294235,0.06398019975925234,59.18438095740035,1.503158499580131,1.5773453418940995,-0.07418684231396844,Downtrend,Uptrend
205,SPEM,2021-06-04 13:30:00,46.189998626708984,46.310001373291016,46.130001068115234,46.310001373291016,483700.0,65.42817466396421,0.5009169291644895,0.25995780043540695,0.24095912872908254,61.01873896325106,1.3251551748344355,1.5320132208334727,-0.20685804599903723,Downtrend,Uptrend
206,SPIB,2021-06-04 13:30:00,36.52000045776367,36.59000015258789,36.52000045776367,36.560001373291016,856300.0,55.26139817922539,0.030526921228350545,0.031243883292764073,-0.0007169620644135281,44.17351691307362,-0.07904890188778779,-0.09412586587538194,0.015076963987594144,Downtrend,Uptrend
207,SPLB,2021-06-04 13:30:00,30.6299991607666,30.84000015258789,30.6200008392334,30.829999923706055,1233700.0,58.09857812020799,0.05746600485020892,0.028568399789467652,0.028897605060741266,39.687736630177106,-0.34596544315723676,-0.3905466558787014,0.04458121272146465,Downtrend,Uptrend
208,SPLG,2021-06-04 13:30:00,49.4900016784668,49.720001220703125,49.470001220703125,49.689998626708984,1237700.0,61.31605398187131,0.2741480390239488,0.245726599168249,0.02842143985569981,57.938631781923135,1.8875643980638657,1.9456260802160021,-0.05806168215213647,Uptrend,Uptrend
209,SPMD,2021-06-04 13:30:00,47.91999816894531,47.959999084472656,47.619998931884766,47.90999984741211,660300.0,54.38758749681146,0.15378293042004287,0.12784406793034694,0.02593886248969593,66.44573230262549,2.5769227172031037,2.9349568053823636,-0.35803408817925986,Downtrend,Downtrend
210,SPSB,2021-06-04 13:30:00,31.309999465942383,31.329999923706055,31.299999237060547,31.329999923706055,697900.0,51.01431099777184,0.005819142472134331,0.007842867378192567,-0.0020237249060582364,44.06877483155485,-0.01047367750607009,-0.013806359610141091,0.003332682104071002,Downtrend,Uptrend
211,SPSM,2021-06-04 13:30:00,44.369998931884766,44.470001220703125,44.060001373291016,44.310001373291016,278100.0,58.24188541573682,0.38334014003318373,0.25294165541167835,0.13039848462150538,65.15669486278449,2.706484123192901,3.118342271343723,-0.41185814815082233,Downtrend,Uptrend
212,SPTI,2021-06-04 13:30:00,32.349998474121094,32.41999816894531,32.349998474121094,32.40999984741211,355800.0,58.07112169836992,0.022059352779649544,0.018061647233678015,0.003997705545971529,37.79043804181919,-0.16759938724204204,-0.20260180929865484,0.0350024220566128,Downtrend,Uptrend
213,SPTL,2021-06-04 13:30:00,39.72999954223633,40.11000061035156,39.72999954223633,40.099998474121094,1198500.0,58.51231720999621,0.03362230880973982,-0.019703396581998947,0.05332570539173877,35.13591575369231,-1.31991760748069,-1.5494996418833134,0.22958203440262337,Uptrend,Uptrend
214,SPTM,2021-06-04 13:30:00,52.20000076293945,52.43000030517578,52.189998626708984,52.38999938964844,166600.0,60.31385456352609,0.2829133107252133,0.25097028437201896,0.03194302635319435,58.7150175431445,2.074409129809304,2.167642840571756,-0.09323371076245213,Uptrend,Uptrend
215,SPTS,2021-06-04 13:30:00,30.68000030517578,30.690000534057617,30.670000076293945,30.690000534057617,374300.0,54.39792741116341,0.0034847793420809126,0.0035260903606196816,-4.131101853876908e-05,39.89561411053554,-0.0022143477319254146,-0.0050059162736559035,0.002791568541730489,Downtrend,Uptrend
216,SPXL,2021-06-04 13:30:00,100.48999786376953,102.01000213623047,100.44000244140625,101.79000091552734,3657600.0,60.43574220205532,1.4322635556178511,1.247058386842252,0.18520516877559912,57.60975063764998,9.217110141675036,9.208516670913351,0.00859347076168504,Uptrend,Uptrend
217,SPXS,2021-06-04 13:30:00,25.719999313354492,25.75,25.31999969482422,25.389999389648438,4856500.0,38.16753107238219,-0.55267058792694,-0.5316446845157654,-0.021025903411174607,40.21542140237186,-5.624056638935254,-6.312304101017549,0.6882474620822947,Downtrend,Downtrend
218,SPY,2021-06-04 13:30:00,420.75,422.9200134277344,418.8399963378906,422.6000061035156,55910700.0,60.92210723048688,2.3065155682923546,2.073997282521801,0.23251828577055367,57.95770249657852,15.995821123580356,16.484193686304568,-0.48837256272421214,Uptrend,Uptrend
219,SPYD,2021-06-04 13:30:00,42.560001373291016,42.560001373291016,42.14699935913086,42.41999816894531,1316200.0,65.217456305676,0.5360905074747819,0.5107445922803234,0.0253459151944585,61.66930325476295,2.677278852674398,2.7066195928896275,-0.029340740215229477,Uptrend,Uptrend
220,SPYG,2021-06-04 13:30:00,59.40999984741211,59.959999084472656,59.400001525878906,59.91999816894531,1071500.0,56.38707260013421,0.17416738995078873,0.11782931759789796,0.056338072352890775,56.45039000381025,1.7396356033076685,1.862543844834185,-0.12290824152651636,Downtrend,Uptrend
221,SPYV,2021-06-04 13:30:00,40.599998474121094,40.63999938964844,40.45000076293945,40.599998474121094,1994900.0,64.91228493189737,0.32939002337729306,0.3223156189602782,0.007074404417014846,60.57731509315318,1.9147853081295665,1.9344934802140652,-0.01970817208449871,Uptrend,Uptrend
222,SRET,2021-06-04 13:30:00,10.0600004196167,10.085000038146973,10.0,10.079999923706055,557200.0,59.64246632561287,0.06743671795933004,0.05086243278880129,0.016574285170528752,56.37181379920517,0.3906255121435258,0.41718627766759064,-0.026560765524064833,Downtrend,Uptrend
223,SRLN,2021-06-04 13:30:00,46.13999938964844,46.13999938964844,46.040000915527344,46.040000915527344,2293200.0,56.8104693321141,0.05879075657595223,0.04946147895750205,0.009329277618450177,50.79407435617313,0.2258413405068893,0.2687246825764487,-0.042883342069559405,Downtrend,Uptrend
224,SUSA,2021-06-04 13:30:00,93.16000366210938,93.83999633789062,93.16000366210938,93.75,94600.0,62.00037220357206,0.581484099428792,0.48383887284677224,0.09764522658201974,59.72860467101899,3.664890173591445,3.7729247292744454,-0.10803455568300047,Uptrend,Uptrend
225,TECL,2021-06-04 13:30:00,45.630001068115234,47.47999954223633,45.58000183105469,47.279998779296875,2615600.0,56.080381277637414,0.088320132449617,-0.262060450218738,0.350380582668355,54.579973783555516,2.6639718379060042,3.1267692195440473,-0.46279738163804307,Uptrend,Uptrend
226,TECS,2021-06-04 13:30:00,6.329999923706055,6.329999923706055,6.050000190734863,6.070000171661377,2573400.0,41.44233193834525,-0.09630751064837817,-0.05244611636333484,-0.04386139428504333,41.72331579298686,-1.2712146607002088,-1.4992732512023161,0.2280585905021073,Downtrend,Downtrend
227,THD,2021-06-04 13:30:00,82.68000030517578,82.81999969482422,82.2300033569336,82.66999816894531,78800.0,60.92862870931513,0.5996412292363118,0.18601901722962758,0.41362221200668425,52.7585411952571,2.4421361401600024,3.077281425767197,-0.6351452856071949,Downtrend,Uptrend
228,TIP,2021-06-04 13:30:00,127.25,127.52999877929688,127.25,127.4800033569336,3445400.0,52.83150365610444,0.14096438002167133,0.23317011003859642,-0.09220573001692509,49.56336279668799,0.28623546241955466,0.18543879087620865,0.10079667154334601,Downtrend,Downtrend
229,TLT,2021-06-04 13:30:00,138.52000427246094,139.89999389648438,138.52000427246094,139.89999389648438,15773200.0,59.19207818372878,0.1603955158919348,-0.047649159263310606,0.20804467515524538,35.13174869309814,-4.674526763885893,-5.509089736891598,0.8345629730057045,Uptrend,Uptrend
230,TMF,2021-06-04 13:30:00,23.579999923706055,24.25,23.559999465942383,24.200000762939453,662600.0,59.45469935626164,0.08739863299737394,-0.02632768537944725,0.11372631837682119,34.599819002178705,-3.040473246529629,-3.626379453859512,0.5859062073298831,Uptrend,Uptrend
231,TMV,2021-06-04 13:30:00,74.47000122070312,74.47000122070312,72.27999877929688,72.27999877929688,451200.0,38.73356725191207,-0.5601001876936351,-0.20738309663002863,-0.3527170910636065,62.24043777333641,4.569291174987569,5.5871562749107015,-1.0178650999231325,Downtrend,Downtrend
232,TNA,2021-06-04 13:30:00,95.58999633789062,96.30999755859375,94.04000091552734,95.5,5397000.0,56.93969327340002,1.2484071952599862,0.11501411119146498,1.1333930840685214,67.09805659757258,9.348179240568513,11.81059531592811,-2.462416075359597,Downtrend,Uptrend
233,TOK,2021-06-04 13:30:00,94.30000305175781,94.66000366210938,94.30000305175781,94.54000091552734,1200.0,61.06578565886572,0.6595422509066111,0.6033736892093159,0.05616856169729523,58.67463700020936,3.638158493955359,3.729115743965189,-0.09095725000983013,Downtrend,Uptrend
234,TOTL,2021-06-04 13:30:00,48.2599983215332,48.380001068115234,48.2599983215332,48.34000015258789,289900.0,50.38356987736348,-0.016148319594243787,-0.018718898187426884,0.002570578593183097,40.665429044352294,-0.245003891424048,-0.25583202940225186,0.010828137978203867,Downtrend,Uptrend
235,TUR,2021-06-04 13:30:00,22.84000015258789,22.969999313354492,22.75,22.899999618530273,113000.0,43.94089289095233,-0.22069728860223847,-0.16935554979318646,-0.05134173880905202,44.71422138447553,0.035445665368499135,0.6219902461564873,-0.5865445807879882,Downtrend,Uptrend
236,TZA,2021-06-04 13:30:00,29.920000076293945,30.43000030517578,29.700000762939453,29.959999084472656,4933200.0,41.00065915564227,-0.8292277322755623,-0.46924254992620085,-0.3599851823493615,32.56993012865189,-14.531544027462758,-18.8252872323335,4.293743204870744,Uptrend,Downtrend
237,UBOT,2021-06-04 13:30:00,42.915000915527344,43.7599983215332,42.90999984741211,43.643001556396484,17900.0,62.79806692187005,0.36249249642457926,-0.21043446889109998,0.5729269653156792,66.30480033388166,0.8448416752017494,1.341643196715614,-0.4968015215138646,Uptrend,Uptrend
238,USIG,2021-06-04 13:30:00,59.619998931884766,59.83000183105469,59.61000061035156,59.83000183105469,485400.0,57.720779308491764,0.06648955868752182,0.04752420705712189,0.018965351630399932,38.7811309213972,-0.327715286253337,-0.3751615068287015,0.04744622057536446,Downtrend,Uptrend
239,VAW,2021-06-04 13:30:00,193.07000732421875,193.3800048828125,191.66000366210938,192.58999633789062,119200.0,59.40325019494368,2.346127251507056,2.696712672156315,-0.3505854206492587,61.00106686084631,11.404599716987377,10.90349538336189,0.5011043336254879,Uptrend,Downtrend
240,VB,2021-06-04 13:30:00,224.0500030517578,224.5399932861328,222.86000061035156,224.11000061035156,554100.0,57.99033143429111,1.2054456052770774,0.6084196214491085,0.5970259838279689,68.24663706987619,10.958703356952924,13.008847922086911,-2.050144565133987,Downtrend,Uptrend
241,VBK,2021-06-04 13:30:00,275.3699951171875,276.54998779296875,275.3699951171875,276.4700012207031,97900.0,52.954954105468346,-0.2789202640913686,-1.2899775200733135,1.0110572559819448,69.5787601491051,7.56440465917791,11.553977195000943,-3.989572535823033,Downtrend,Uptrend
242,VBR,2021-06-04 13:30:00,178.60000610351562,178.82000732421875,176.9600067138672,178.08999633789062,398600.0,60.47273782669193,1.7233376995390302,1.3932839836432747,0.3300537158957555,65.70223582692363,11.411634322744135,12.409360786028762,-0.9977264632846268,Downtrend,Uptrend
243,VCIT,2021-06-04 13:30:00,94.08000183105469,94.33999633789062,94.06999969482422,94.31999969482422,2783300.0,57.12990242531541,0.11270495308939132,0.10363458445923095,0.009070368630160378,44.29997540894628,-0.4771764823785958,-0.5559822592873491,0.07880577690875334,Downtrend,Uptrend
244,VCLT,2021-06-04 13:30:00,102.94999694824219,103.73999786376953,102.9000015258789,103.66000366210938,758100.0,58.22203768491801,0.2150732842500247,0.12024012030866131,0.09483316394136339,37.10310971991129,-1.1414494320186748,-1.3218300303446253,0.18038059832595055,Downtrend,Uptrend
245,VCR,2021-06-04 13:30:00,301.9800109863281,302.510009765625,300.70001220703125,302.2799987792969,58200.0,48.464702127082695,-0.6108144922297924,-0.8529198565424855,0.24210536431269303,60.1980228306478,11.510309501078666,14.268815901866697,-2.758506400788031,Downtrend,Downtrend
246,VCSH,2021-06-04 13:30:00,82.72000122070312,82.77999877929688,82.72000122070312,82.77999877929688,3854200.0,52.97888287637391,0.036058731289301704,0.04659598810546871,-0.010537256816167004,45.79330975367393,-0.040815146224630894,-0.05934231170803835,0.018527165483407458,Downtrend,Uptrend
247,VDC,2021-06-04 13:30:00,186.5800018310547,187.07000732421875,186.25999450683594,186.67999267578125,66600.0,62.3858983264591,1.1093819860960252,1.1743938113699661,-0.06501182527394089,59.66403552034455,4.568862161995611,4.008618697673925,0.5602434643216858,Uptrend,Uptrend
248,VDE,2021-06-04 13:30:00,78.0,78.4000015258789,76.9000015258789,78.05000305175781,845200.0,68.5892592583109,1.69636756184822,1.330662334846519,0.36570522700170094,46.45926605331386,6.272462544351271,6.241268523554272,0.031194020796998956,Uptrend,Uptrend
249,VEA,2021-06-04 13:30:00,52.97999954223633,53.09000015258789,52.88999938964844,53.06999969482422,6039600.0,65.58865578947149,0.5126024133452276,0.43113652011269193,0.08146589323253567,57.643515999871184,2.038516980404708,2.1319022450535883,-0.0933852646488802,Downtrend,Uptrend
250,VEU,2021-06-04 13:30:00,64.94999694824219,65.0999984741211,64.87000274658203,65.0999984741211,1313700.0,65.08763018073937,0.639124512166859,0.47929410531849354,0.15983040684836541,58.38956656754445,2.312472467040145,2.485325894359283,-0.17285342731913822,Downtrend,Uptrend
251,VFH,2021-06-04 13:30:00,94.38999938964844,94.55999755859375,93.66000366210938,94.48999786376953,451500.0,65.66762890500772,1.2925396828317588,1.2874061886663604,0.005133494165398433,61.45034966985043,6.657714097062723,6.697914821762818,-0.04020072470009506,Uptrend,Uptrend
252,VGIT,2021-06-04 13:30:00,67.73999786376953,67.8499984741211,67.72000122070312,67.83000183105469,611700.0,56.42177739056356,0.03011720609566737,0.0259378040807203,0.00417940201494707,36.9982647692825,-0.5116915107163749,-0.609960762266442,0.09826925155006716,Downtrend,Uptrend
253,VGK,2021-06-04 13:30:00,69.51000213623047,69.66000366210938,69.4000015258789,69.66000366210938,2514000.0,65.11030566007315,0.8509628968238871,0.8032092188990576,0.04775367792482954,55.47611285004298,3.0561246989468103,2.986491271229834,0.06963342771697612,Downtrend,Uptrend
254,VGLT,2021-06-04 13:30:00,84.37999725341797,85.1500015258789,84.37999725341797,85.1500015258789,440600.0,58.73194601348102,0.06922919948856077,-0.04412450771903923,0.11335370720759999,35.137125364544964,-2.8709328132298992,-3.3763847179626536,0.5054519047327544,Uptrend,Uptrend
255,VGSH,2021-06-04 13:30:00,61.529998779296875,61.540000915527344,61.529998779296875,61.540000915527344,559700.0,50.441991447434894,0.001594774210921912,0.0030749460339976804,-0.0014801718230757683,41.71528701342886,-0.09487652413187675,-0.11919818420305424,0.02432166007117749,Downtrend,Downtrend
256,VGT,2021-06-04 13:30:00,371.2200012207031,376.20001220703125,371.2200012207031,375.70001220703125,342500.0,56.44669166994812,0.6181279797482944,-0.4405909259099203,1.0587189056582147,57.46806907345688,10.132408106674006,12.389798317899174,-2.257390211225168,Downtrend,Uptrend
257,VHT,2021-06-04 13:30:00,237.55999755859375,238.5,237.1999969482422,237.50999450683594,113300.0,49.85075593556658,0.25040004190051945,0.6906583194970126,-0.44025827759649316,61.42059326878348,6.141993925298152,6.851841095792457,-0.7098471704943048,Uptrend,Downtrend
258,VIG,2021-06-04 13:30:00,155.69000244140625,156.07000732421875,155.52999877929688,155.97999572753906,841300.0,59.64383615561724,0.8243288211473043,0.925329748777689,-0.10100092763038471,60.891703226685976,5.300668284887593,5.188951348468354,0.11171693641923852,Uptrend,Downtrend
259,VIOG,2021-06-04 13:30:00,225.85000610351562,226.0399932861328,225.22999572753906,225.88999938964844,4900.0,55.17388586845482,0.960715032682316,0.22368792004462867,0.7370271126376873,65.19256566790965,10.78798436918558,13.609278282899076,-2.8212939137134967,Downtrend,Uptrend
260,VIOO,2021-06-04 13:30:00,208.97000122070312,209.00999450683594,207.42999267578125,208.49000549316406,20500.0,58.505047375740325,1.812869603662449,1.196815731008678,0.616053872653771,65.92524206464327,12.680443451154076,14.57043818778284,-1.889994736628763,Downtrend,Uptrend
261,VIOV,2021-06-04 13:30:00,187.5,187.5,185.24000549316406,186.88999938964844,53300.0,60.904623977815774,2.3185805864712563,1.7960008027912158,0.5225797836800405,65.21377960914488,13.568392066227517,14.776082165641025,-1.207690099413508,Downtrend,Uptrend
262,VIS,2021-06-04 13:30:00,201.3000030517578,201.55999755859375,200.13999938964844,201.25,116300.0,58.9585863816649,1.532906847792873,1.437874759995048,0.0950320877978248,63.244838948108516,10.295915598939246,10.709477267290026,-0.41356166835078056,Downtrend,Uptrend
263,VMBS,2021-06-04 13:30:00,53.43000030517578,53.470001220703125,53.380001068115234,53.459999084472656,965000.0,48.31784582395382,-0.026812621768897316,-0.02894995151842409,0.0021373297495267743,41.136389236849496,-0.16798338902029286,-0.17359630554311942,0.005612916522826555,Downtrend,Uptrend
264,VO,2021-06-04 13:30:00,234.66000366210938,235.30999755859375,234.08999633789062,235.1199951171875,391900.0,61.37732929668057,1.5448441726414899,1.1524442128018157,0.39239995983967413,65.0906799520887,9.875616317579585,10.90598038049352,-1.030364062913936,Downtrend,Uptrend
265,VOE,2021-06-04 13:30:00,145.85000610351562,145.85000610351562,144.75999450683594,145.5,320400.0,62.536350879518366,1.349369913966541,1.261831257753783,0.08753865621275803,63.58670260790703,7.968520124150331,8.216889393789216,-0.24836926963888573,Uptrend,Uptrend
266,VONE,2021-06-04 13:30:00,196.3000030517578,197.2100067138672,196.3000030517578,197.0800018310547,34200.0,60.350992438335616,1.0045793845606,0.849481764598584,0.15509761996201588,59.40162605156686,7.540556898986921,8.018928322751234,-0.4783714237643135,Downtrend,Uptrend
267,VONG,2021-06-04 13:30:00,65.45999908447266,66.06999969482422,65.45999908447266,65.95999908447266,229500.0,55.27842542452264,0.13442696855133818,0.055105010506655096,0.07932195804468309,57.12528511236927,1.7580228476068385,1.9849383959178302,-0.2269155483109917,Downtrend,Uptrend
268,VONV,2021-06-04 13:30:00,71.12000274658203,71.31999969482422,70.94999694824219,71.26000213623047,646600.0,63.72414132632576,0.5739328641446946,0.5498497309356978,0.0240831332089968,61.46008677710336,3.530021322633317,3.6302294179721173,-0.10020809533880026,Uptrend,Uptrend
269,VOO,2021-06-04 13:30:00,386.80999755859375,388.79998779296875,386.760009765625,388.5,2626500.0,60.972995086604044,2.119176350973646,1.8999130716959678,0.2192632792776783,57.53346372164068,14.712784566237701,15.175468029721461,-0.46268346348376,Uptrend,Uptrend
270,VOOG,2021-06-04 13:30:00,247.4499969482422,249.61000061035156,247.41000366210938,249.47000122070312,51400.0,56.39628805516285,0.7288477001988269,0.4910876136109029,0.23776008658792402,56.45366129431092,7.237799811634289,7.750770470918271,-0.5129706592839813,Downtrend,Uptrend
271,VOOV,2021-06-04 13:30:00,146.42999267578125,146.55999755859375,145.8300018310547,146.32000732421875,63900.0,64.65337116203848,1.1864350605108882,1.168321759600116,0.018113300910772123,60.9793477266638,6.929924621422032,6.994638725280536,-0.0647141038585044,Uptrend,Uptrend
272,VOT,2021-06-04 13:30:00,222.5399932861328,224.0,222.5399932861328,223.91000366210938,192700.0,57.41343419781726,0.8197799083836514,0.20242998596047887,0.6173499224231725,64.90663089443021,6.433043212715177,8.075592904630488,-1.6425496919153115,Downtrend,Uptrend
273,VOX,2021-06-04 13:30:00,138.27999877929688,139.5399932861328,138.27999877929688,139.16000366210938,68700.0,59.08019445275596,1.014343613268153,0.6963199134297104,0.3180236998384425,53.27330237638338,6.19251666205426,6.893783346033922,-0.7012666839796626,Downtrend,Uptrend
274,VPL,2021-06-04 13:30:00,84.33999633789062,84.63999938964844,84.25,84.51000213623047,469900.0,62.300262682791065,0.3304401925023086,0.07621316915735499,0.2542270233449536,60.29322891548167,2.3670893751328492,2.980109425191846,-0.6130200500589966,Uptrend,Uptrend
275,VPN,2021-06-04 13:30:00,16.959999084472656,16.979999542236328,16.895000457763672,16.93600082397461,11300.0,70.33100211672887,0.18171031198080456,0.09059433184621188,0.09111598013459268,47.367454246644726,,,,Uptrend,Downtrend
276,VPU,2021-06-04 13:30:00,143.6699981689453,143.8699951171875,143.0,143.10000610351562,91400.0,50.04168282110469,-0.19153420278416888,-0.11603029633150985,-0.07550390645265903,71.44169867301838,2.1008777154884797,2.0620313572342166,0.03884635825426308,Uptrend,Downtrend
277,VSS,2021-06-04 13:30:00,139.02999877929688,139.47000122070312,138.69000244140625,139.32000732421875,121000.0,64.82424383686876,1.3956910252406374,1.0261399429431968,0.3695510822974406,58.70308570946946,5.8699961450154206,6.124233395946549,-0.25423725093112814,Downtrend,Uptrend
278,VT,2021-06-04 13:30:00,103.41000366210938,103.88999938964844,103.41000366210938,103.86000061035156,1089300.0,63.372929146739686,0.7359120395143322,0.5734415709130116,0.16247046860132053,59.463866615983605,3.9012727174140593,4.186989027380193,-0.2857163099661335,Downtrend,Uptrend
279,VTHR,2021-06-04 13:30:00,195.58999633789062,195.82000732421875,195.3800048828125,195.80999755859375,4500.0,59.894161819434885,1.0130140255795368,0.8257560539360669,0.1872579716434699,60.60957496427331,7.610668418712692,8.23098280052099,-0.6203143818082992,Downtrend,Uptrend
280,VTI,2021-06-04 13:30:00,218.57000732421875,219.47999572753906,218.4600067138672,219.38999938964844,2286000.0,60.669042691151006,1.1624954074723632,0.9171119045106506,0.24538350296171263,59.805308976750446,8.54921585645954,9.23282390200896,-0.6836080455494198,Downtrend,Uptrend
281,VTIP,2021-06-04 13:30:00,52.45000076293945,52.459999084472656,52.40999984741211,52.43000030517578,1474400.0,63.29861596146748,0.11396559320681376,0.13022271482107212,-0.016257121614258352,47.42388740401638,0.34629021566664875,0.2909755177382808,0.05531469792836796,Downtrend,Downtrend
282,VTV,2021-06-04 13:30:00,141.30999755859375,141.3300018310547,140.72999572753906,141.1699981689453,4316400.0,64.66713211075421,1.1823045550319762,1.2268796476262451,-0.04457509259426895,60.46763734940326,6.839339115290983,6.867550335431199,-0.028211220140216042,Uptrend,Downtrend
283,VTWG,2021-06-04 13:30:00,215.8800048828125,216.47000122070312,215.83999633789062,216.08999633789062,11200.0,51.74317942102397,-0.33753314325969086,-1.2062412396782127,0.8687080964185219,68.81263250852555,6.281830571288481,10.214651455976659,-3.9328208846881783,Downtrend,Uptrend
284,VTWO,2021-06-04 13:30:00,91.83999633789062,92.05000305175781,91.33000183105469,91.80000305175781,483800.0,57.90718558254251,0.5392645679060166,0.1712253351482802,0.3680392327577364,66.86739252077288,4.578217800167195,5.704352413358635,-1.1261346131914403,Downtrend,Uptrend
285,VTWV,2021-06-04 13:30:00,150.0,150.14999389648438,148.5399932861328,149.5,28200.0,61.624600063794965,1.8699672876070679,1.2756193795145216,0.5943479080925462,64.84164920370495,10.155574042044606,11.184625465232543,-1.029051423187937,Downtrend,Uptrend
286,VUG,2021-06-04 13:30:00,269.20001220703125,271.6300048828125,269.07000732421875,271.3500061035156,581100.0,55.944521165340724,0.6824076363696463,0.2110204002189517,0.4713872361506946,56.82220091080345,7.423567352733414,8.391419337993158,-0.9678519852597436,Downtrend,Uptrend
287,VV,2021-06-04 13:30:00,196.35000610351562,197.33999633789062,196.35000610351562,197.24000549316406,144800.0,60.44805511116773,1.0363293632349269,0.8789386047309479,0.157390758503979,58.604134244880015,7.321799325977082,7.706914176699506,-0.3851148507224238,Downtrend,Uptrend
288,VWO,2021-06-04 13:30:00,54.88999938964844,55.0099983215332,54.81999969482422,55.0099983215332,7317400.0,64.69070227329037,0.5866780155615601,0.30197636095240277,0.2847016546091573,60.13627042796551,1.5877872768227022,1.841428049774421,-0.25364077295171894,Downtrend,Uptrend
289,VWOB,2021-06-04 13:30:00,79.20999908447266,79.54000091552734,79.20999908447266,79.52999877929688,302100.0,58.25856921557514,0.19527719886916373,0.18277920385588192,0.012497995013281804,51.91766647648344,-0.20949696043366828,-0.30445146108868143,0.09495450065501315,Downtrend,Uptrend
290,VXF,2021-06-04 13:30:00,183.14999389648438,183.67999267578125,182.52000427246094,183.5500030517578,588200.0,57.27109687005175,0.8143747174375449,0.15377542444309178,0.6605992929944531,67.55965599171303,7.915213232409542,10.090926987714763,-2.175713755305221,Downtrend,Uptrend
291,VXUS,2021-06-04 13:30:00,67.19000244140625,67.33000183105469,67.11000061035156,67.33000183105469,2248300.0,64.70113634880542,0.6560393634627815,0.5013057768765988,0.15473358658618264,58.58614963011456,2.424801616516298,2.5866783601667698,-0.16187674365047178,Downtrend,Uptrend
292,VYM,2021-06-04 13:30:00,107.91000366210938,108.0,107.54000091552734,107.94999694824219,1031300.0,64.30422068732521,0.8707604343098581,0.9140726921411764,-0.04331225783131831,60.335979411927376,4.962443055649359,4.97083036546737,-0.00838730981801028,Uptrend,Uptrend
293,WEBL,2021-06-04 13:30:00,70.23999786376953,73.12000274658203,70.23999786376953,72.98999786376953,44200.0,57.73286920562596,0.550065157635899,-0.46345114581733826,1.0135163034532373,57.093401505069785,2.5830903194751045,4.000578217338604,-1.4174878978634995,Downtrend,Uptrend
294,WEBS,2021-06-04 13:30:00,19.639999389648438,19.69499969482422,18.969999313354492,19.010000228881836,22200.0,39.36392528071346,-0.47749998519828907,-0.19471658526623598,-0.2827833999320531,39.51390870347756,-4.049546377571293,-5.056742220266212,1.0071958426949195,Uptrend,Downtrend
295,WFH,2021-06-04 13:30:00,70.7699966430664,71.93000030517578,70.7300033569336,71.89199829101562,11600.0,59.37425166677881,0.3278959745780696,0.0662410108585536,0.261654963719516,65.90177604559302,2.5311044052499057,3.2494968045725727,-0.7183923993226671,Downtrend,Uptrend
296,WOOD,2021-06-04 13:30:00,90.56999969482422,90.62000274658203,89.73999786376953,90.08999633789062,118300.0,41.302439510834176,-0.45104025207935194,-0.030456122679988734,-0.4205841293993632,61.051851544956,4.869896011808123,5.72599356622767,-0.8560975544195468,Downtrend,Downtrend
297,XLB,2021-06-04 13:30:00,88.08999633789062,88.22000122070312,87.55000305175781,87.91000366210938,5145800.0,60.0245226823222,1.0655027108501116,1.226849044046952,-0.16134633319684033,59.44444651430933,4.910394438469183,4.618019076225351,0.2923753622438321,Uptrend,Downtrend
298,XLC,2021-06-04 13:30:00,78.38999938964844,79.30000305175781,78.2699966430664,79.19000244140625,2333200.0,60.60345128798237,0.6597015724608895,0.5446308062447747,0.11507076621611478,51.661537498025226,3.466700129411265,3.622854772748178,-0.15615464333691298,Downtrend,Uptrend
299,XLE,2021-06-04 13:30:00,55.7400016784668,55.97999954223633,54.93000030517578,55.75,26306600.0,67.65466338229528,1.1033678539362697,0.8763631272676637,0.22700472666860594,44.89129425420082,4.264897394877913,4.256914755196194,0.007982639681719306,Uptrend,Uptrend
300,XLF,2021-06-04 13:30:00,38.41999816894531,38.5,38.130001068115234,38.470001220703125,27240900.0,67.83539168944279,0.5860223472316761,0.5838033839529012,0.0022189632787749103,59.44620644787349,2.7244162982656377,2.6793528517552008,0.04506344651043692,Uptrend,Uptrend
301,XLI,2021-06-04 13:30:00,105.38999938964844,105.56999969482422,104.80000305175781,105.33999633789062,7117700.0,61.175685732517884,0.9546023421079894,0.9294882184836182,0.025114123624371265,61.325267748801295,5.39036740104288,5.357064801428028,0.033302599614851935,Downtrend,Downtrend
302,XLK,2021-06-04 13:30:00,138.22000122070312,140.17999267578125,138.22000122070312,140.02000427246094,5589100.0,57.09845225212201,0.30371222381486973,-0.04654980366529461,0.35026202748016433,55.91327045853814,3.935025603286789,4.50768284136816,-0.572657238081371,Uptrend,Uptrend
303,XLP,2021-06-04 13:30:00,71.4800033569336,71.69000244140625,71.29000091552734,71.5199966430664,6078200.0,62.27910401244782,0.42209182044264537,0.456158901186384,-0.034067080743738654,58.09638156483744,1.5230793201827737,1.2377170888597486,0.2853622313230251,Uptrend,Downtrend
304,XLRE,2021-06-04 13:30:00,44.66999816894531,44.72999954223633,44.34000015258789,44.560001373291016,3061300.0,74.59556676389948,0.7472190814720392,0.5599767064810497,0.1872423749909895,59.700740933887,1.8457713285154185,1.4453572740013871,0.40041405451403134,Uptrend,Uptrend
305,XLU,2021-06-04 13:30:00,65.66000366210938,65.76000213623047,65.30999755859375,65.38999938964844,7233000.0,49.683798130066926,-0.08586775223749044,-0.02893683273490148,-0.05693091950258895,71.16697673601385,0.930024394207841,0.8670133945025794,0.06301099970526158,Uptrend,Downtrend
306,XLV,2021-06-04 13:30:00,122.33999633789062,122.69999694824219,121.94999694824219,122.08999633789062,11228900.0,47.83133920262819,0.18047942421239327,0.5872580681785342,-0.40677864396614094,58.21975808730263,3.4377185845394393,3.480593229225023,-0.04287464468558344,Uptrend,Downtrend
307,XLY,2021-06-04 13:30:00,170.61000061035156,171.17999267578125,170.1300048828125,171.02999877929688,3216600.0,47.32296146130503,-0.616651675885123,-0.7282508306055248,0.11159915472040172,61.03229301156298,4.162121564827089,5.2961174560125945,-1.1339958911855055,Downtrend,Downtrend
308,XSOE,2021-06-04 13:30:00,42.34000015258789,42.474998474121094,42.279998779296875,42.459999084472656,416200.0,62.17625686569962,0.3525078660348413,0.11325269803599752,0.23925516799884378,62.76789226780489,1.0822840107339928,1.4086649387409664,-0.3263809280069736,Downtrend,Uptrend
309,YANG,2021-06-04 13:30:00,13.1899995803833,13.25,13.130000114440918,13.149999618530273,260500.0,42.7069933975334,-0.2731785715910444,-0.04377387152155481,-0.2294047000694896,41.255696357431134,-1.1522222588803999,-1.6748990154274972,0.5226767565470973,Uptrend,Downtrend
310,YINN,2021-06-04 13:30:00,18.959999084472656,19.100000381469727,18.93000030517578,19.06999969482422,655400.0,54.48922368435491,0.13516880712088053,-0.15996298809169845,0.295131795212579,56.760602661218144,-0.35246068484698156,0.23260006147292794,-0.5850607463199096,Downtrend,Uptrend
311,YYY,2021-06-04 13:30:00,17.530000686645508,17.579999923706055,17.520000457763672,17.579999923706055,178600.0,68.51035120600349,0.1158543368938183,0.089217088376915,0.0266372485169033,55.04786185153242,0.4930630037169266,0.5023754102329916,-0.00931240651606502,Uptrend,Uptrend
